Workbook
Name Население: #REF!
Name домлн: #REF!
Name Баллы: #REF!

Sheet Итог без населения
B1: Номер вопроса
B2: Субъект РФ | C2: Коэф | D2: Сумма баллов | E2: Муж | F2: Жен | G2: 5х5 | H2: 3х3 | I2: Участие | J2: Призеры | K2: ='Показатели'!C2 -> Региональная федерация | L2: Маркетинг федерации | M2: ='Показатели'!C19 -> Общие критерии для региона | N2: Спортивные объекты | O2: Сборные команды России | R2: ='Показатели'!C31 -> Сборные команды России 5х5 | U2: Сборные команды России 3х3 | X2: Профессиональный баскетбол | Y2: Муж | Z2: Жен | AA2: ='Показатели'!C52 -> Профессиональный баскетбол 5х5 | AB2: Маркетиинг клубов | AC2: Муж | AD2: Жен | AE2: Участие | AH2: Призеры | AK2: Профессиональный баскетбол 3х3 | AL2: Муж | AM2: Жен | AN2: Участие | AQ2: Призеры | AT2: Резерв | AU2: ='Показатели'!C140 -> Резерв 5х5 | AV2: Отделения и проф воспитанники | AY2: Участие | BB2: Призеры | BE2: Резерв 3х3 | BH2: Участие | BK2: Призеры | BN2: Массовый баскетбол | BO2: ='Показатели'!C211 -> Массовый баскетбол 5х5 | BR2: Участие | BU2: Призеры | BX2: Локобаскет | CA2: КЭС-Баскет | CD2: АСБ | CG2: МЛБЛ | CJ2: ПР Ветераны | CM2: ='Показатели'!C552 -> Массовый баскетбол 3х3 | CP2: Участие | CS2: Призеры | CV2: Баскетбольные мероприятия | CW2: ='Показатели'!C377 -> Баскетбольные мероприятия 5х5 | CX2: ='Показатели'!C583 -> Баскетбольные мероприятия 3х3 | CY2: Судейство | CZ2: Судьи в поле | DA2: FIBA | DD2: ='Показатели'!C407 -> Судьи и тренеры 5х5 | DE2: Секретари и статистики | DF2: Судьи в поле и комиссары | DI2: FIBA | DM2: Комиссии | DN2: Судьи 3х3 | DO2: Судьи в поле | DP2: FIBA | DS2: Тихий баскетбол | DT2: Команды | DU2: Мероприятия | DV2: Интерактивный баскетбол | DW2: Участие | DX2: Призеры
B3: Подраздел | P3: Муж | Q3: Жен | S3: Муж | T3: Жен | V3: Муж | W3: Жен | AF3: Муж | AG3: Жен | AI3: Муж | AJ3: Жен | AO3: Муж | AP3: Жен | AR3: Муж | AS3: Жен | AW3: Муж | AX3: Жен | AZ3: Муж | BA3: Жен | BC3: Муж | BD3: Жен | BF3: Муж | BG3: Жен | BI3: Муж | BJ3: Жен | BL3: Муж | BM3: Жен | BP3: Муж | BQ3: Жен | BS3: Муж | BT3: Жен | BV3: Муж | BW3: Жен | BY3: Муж | BZ3: Жен | CB3: Муж | CC3: Жен | CE3: Муж | CF3: Жен | CH3: Муж | CI3: Жен | CK3: Муж | CL3: Жен | CN3: Муж | CO3: Жен | CQ3: Муж | CR3: Жен | CT3: Муж | CU3: Жен | DB3: Лицензии | DC3: Назначения | DG3: Судьи в поле | DH3: Комиссары | DJ3: Секретари и статитстики | DK3: Судьи в поле и комиссары | DL3: Назначения | DQ3: Лицензии | DR3: Назначения
A4: 1 | B4: ='Тест ответы'!B47 -> Москва | C4: 1 | D4: ='Баллы без населения'!D46 -> #REF! | E4: =SUMIF('Баллы без населения'!$E$3:DX$3,"муж",'Баллы без населения'!E46:DX46) -> #REF! | F4: =SUMIF('Баллы без населения'!$E$3:DX$3,"жен",'Баллы без населения'!E46:DX46) -> #REF! | G4: =SUM('Баллы без населения'!Z46:DK46,'Баллы без населения'!DP46:KE46,'Баллы без населения'!KV46:LL46) -> #REF! | H4: =SUM('Баллы без населения'!LM46:PB46,'Баллы без населения'!PY46:QJ46) -> 0 | I4: =SUM('Баллы без населения'!AZ46:BO46,'Баллы без населения'!DR46:DX46,'Баллы без населения'!FL46:FO46,'Баллы без населения'!GB46:GE46,'Баллы без населения'!GX46:HE46,'Баллы без населения'!IF46:IK46,'Баллы без населения'!IZ46:JG46,'Баллы без населения'!LU46:MG46,'Баллы без населения'!NW46:NZ46,'Баллы без населения'!OM46:OP46) -> 0 | J4: =SUM('Баллы без населения'!BP46:DK46,'Баллы без населения'!DY46:FK46,'Баллы без населения'!FP46:GA46,'Баллы без населения'!GF46:GQ46,'Баллы без населения'!HF46:HW46,'Баллы без населения'!IL46:IW46,'Баллы без населения'!JH46:KE46,'Баллы без населения'!MH46:NV46,'Баллы без населения'!OA46:OL46,'Баллы без населения'!OQ46:PB46) -> 0 | K4: =SUM('Баллы без населения'!E46:R46) -> 0 | L4: =SUM('Баллы без населения'!O46:R46) -> 0 | M4: =SUM('Баллы без населения'!S46:Y46) -> 0.1 | N4: =SUM('Баллы без населения'!T46:Y46) -> 0 | O4: =SUM('Баллы без населения'!Z46:AQ46,'Баллы без населения'!LM46:LT46) -> 0 | P4: =SUMIF('Баллы без населения'!$Z$3:$AQ$3,"муж",'Баллы без населения'!Z46:AQ46)+SUMIF('Баллы без населения'!$LM$3:$LT$3,"муж",'Баллы без населения'!LM46:LT46) -> 0 | Q4: =SUMIF('Баллы без населения'!$Z$3:$AQ$3,"жен",'Баллы без населения'!Z46:AQ46)+SUMIF('Баллы без населения'!$LM$3:$LT$3,"жен",'Баллы без населения'!LM46:LT46) -> 0 | R4: =SUM('Баллы без населения'!Z46:AQ46) -> 0 | S4: =SUM('Баллы без населения'!Z46:AH46) -> 0 | T4: =SUM('Баллы без населения'!AI46:AQ46) -> 0 | U4: =SUM('Баллы без населения'!LM46:LT46) -> 0 | V4: =SUM('Баллы без населения'!LM46:LP46) -> 0 | W4: =SUM('Баллы без населения'!LQ46:LT46) -> 0 | X4: =SUM('Баллы без населения'!AR46:DK46,'Баллы без населения'!LU46:NI46) -> 0 | Y4: ='Баллы без населения'!AR46+SUM('Баллы без населения'!AZ46:BH46)+SUM('Баллы без населения'!BP46:CP46)+SUM('Баллы без населения'!LU46:MC46,'Баллы без населения'!MH46:NI46) -> 0 | Z4: ='Баллы без населения'!AS46+SUM('Баллы без населения'!BI46:BO46)+SUM('Баллы без населения'!CQ46:DK46)+SUM('Баллы без населения'!MD46:MG46,'Баллы без населения'!NJ46:NV46,) -> 0 | AA4: =SUM('Баллы без населения'!AR46:DK46) -> 0 | AB4: =SUM('Баллы без населения'!AT46:AY46) -> 0 | AC4: ='Баллы без населения'!AR46+SUM('Баллы без населения'!AZ46:BH46)+SUM('Баллы без населения'!BP46:CP46) -> 0 | AD4: ='Баллы без населения'!AS46+SUM('Баллы без населения'!BI46:BO46)+SUM('Баллы без населения'!CQ46:DK46) -> 0 | AE4: =SUM('Баллы без населения'!AZ46:BO46) -> 0 | AF4: =SUM('Баллы без населения'!AZ46:BH46) -> 0 | AG4: =SUM('Баллы без населения'!BI46:BO46) -> 0 | AH4: =SUM('Баллы без населения'!BP46:DK46) -> 0 | AI4: =SUM('Баллы без населения'!BP46:CP46) -> 0 | AJ4: =SUM('Баллы без населения'!CQ46:DK46) -> 0 | AK4: =SUM('Баллы без населения'!LU46:NV46) -> 0 | AL4: =SUM('Баллы без населения'!LU46:MC46,'Баллы без населения'!MH46:NI46) -> 0 | AM4: =SUM('Баллы без населения'!MD46:MG46,'Баллы без населения'!NJ46:NV46,) -> 0 | AN4: =SUM('Баллы без населения'!LU46:MG46) -> 0 | AO4: =SUM('Баллы без населения'!LU46:MC46) -> 0 | AP4: =SUM('Баллы без населения'!MD46:MG46) -> 0 | AQ4: =SUM('Баллы без населения'!MH46:NV46) -> 0 | AR4: =SUM('Баллы без населения'!MH46:NI46) -> 0 | AS4: =SUM('Баллы без населения'!NJ46:NV46) -> 0 | AT4: =SUM('Баллы без населения'!DR46:FK46,'Баллы без населения'!NW46:OL46) -> 0 | AU4: =SUM('Баллы без населения'!DL46:FK46) -> #REF! | AV4: =SUM('Баллы без населения'!DL46:DQ46) -> #REF! | AW4: =SUM('Баллы без населения'!DR46:DU46)+SUM('Баллы без населения'!DY46:ES46) -> 0 | AX4: =SUM('Баллы без населения'!DV46:DX46)+SUM('Баллы без населения'!ET46:FK46) -> 0 | AY4: =SUM('Баллы без населения'!DR46:DX46) -> 0 | AZ4: =SUM('Баллы без населения'!DR46:DU46) -> 0 | BA4: =SUM('Баллы без населения'!DV46:DX46) -> 0 | BB4: =SUM('Баллы без населения'!DY46:FK46) -> 0 | BC4: =SUM('Баллы без населения'!DY46:ES46) -> 0 | BD4: =SUM('Баллы без населения'!ET46:FK46) -> 0 | BE4: =SUM('Баллы без населения'!NW46:OL46) -> 0 | BF4: =SUMIF('Баллы без населения'!NW44:OL44,"муж",'Баллы без населения'!NW46:OL46) -> 0 | BG4: =SUMIF('Баллы без населения'!NW44:OL44,"жен",'Баллы без населения'!NW46:OL46) -> 0 | BH4: =SUM('Баллы без населения'!NW46:NZ46) -> 0 | BI4: =SUMIF('Баллы без населения'!NW44:NZ44,"муж",'Баллы без населения'!NW46:NZ46) -> 0 | BJ4: =SUMIF('Баллы без населения'!NW44:NZ44,";ty",'Баллы без населения'!NW46:NZ46) -> 0 | BK4: =SUM('Баллы без населения'!OA46:OL46) -> 0 | BL4: =SUMIF('Баллы без населения'!OA44:OL44,"муж",'Баллы без населения'!OA46:OL46) -> 0 | BM4: =SUMIF('Баллы без населения'!OA44:OL44,"муж",'Баллы без населения'!OA46:OL46) -> 0 | BN4: =SUM('Баллы без населения'!FL46:KE46,'Баллы'!OM46:PB46) -> #REF! | BO4: =SUM('Баллы без населения'!FL46:KE46) -> #REF! | BP4: =SUM('Баллы без населения'!FL46:FM46,'Баллы без населения'!FP46:FU46,'Баллы без населения'!GB46:GC46,'Баллы без населения'!GF46:GK46,'Баллы без населения'!GR46:GT46,'Баллы без населения'!GX46:HA46,'Баллы без населения'!HF46:HN46,'Баллы без населения'!HX46,'Баллы без населения'!HZ46:IB46,'Баллы без населения'!IX46,'Баллы без населения'!IF46:IH46,'Баллы без населения'!IL46:IQ46,'Баллы без населения'!IZ46:JE46,'Баллы без населения'!JH46:JY46,) -> #REF! | BQ4: =SUM('Баллы без населения'!FN46:FO46,'Баллы без населения'!FV46:GA46,'Баллы без населения'!GD46:GE46,'Баллы без населения'!GL46:GQ46,'Баллы без населения'!GU46:GW46,'Баллы без населения'!HB46:HE46,'Баллы без населения'!HO46:HW46,'Баллы без населения'!HY46,'Баллы без населения'!IC46:IE46,'Баллы без населения'!II46:IK46,'Баллы без населения'!IR46:IW46,'Баллы без населения'!IY46,'Баллы без населения'!JF46:JG46,'Баллы без населения'!JZ46:KE46) -> #REF! | BR4: =SUM('Баллы без населения'!FL46:FO46,'Баллы без населения'!GB46:GE46,'Баллы без населения'!GX46:HE46,'Баллы без населения'!IF46:IK46,'Баллы без населения'!IZ46:JG46) -> 0 | BS4: =SUM('Баллы без населения'!FL46:FM46,'Баллы без населения'!GB46:GC46,'Баллы без населения'!GX46:HA46,'Баллы без населения'!IZ46:JE46) -> 0 | BT4: =SUM('Баллы без населения'!FN46:FO46,'Баллы без населения'!GD46:GE46,'Баллы без населения'!HB46:HE46,'Баллы без населения'!II46:IK46,'Баллы без населения'!JF46:JG46) -> 0 | BU4: =SUM('Баллы без населения'!FP46:GA46,'Баллы без населения'!GF46:GQ46,'Баллы без населения'!HF46:HW46,'Баллы без населения'!IL46:IW46,'Баллы без населения'!JH46:KE46) -> 0 | BV4: =SUM('Баллы без населения'!FP46:FU46,'Баллы без населения'!GF46:GK46,'Баллы без населения'!HF46:HN46,'Баллы без населения'!IL46:IQ46,'Баллы без населения'!JH46:JY46) -> 0 | BW4: =SUM('Баллы без населения'!FV46:GA46,'Баллы без населения'!GL46:GQ46,'Баллы без населения'!HO46:HW46,'Баллы без населения'!IL46:IW46,'Баллы без населения'!JZ46:KE46) -> 0 | BX4: =SUM('Баллы без населения'!FL46:GA46) -> 0 | BY4: =SUM('Баллы без населения'!FL46:FM46,'Баллы без населения'!FP46:FU46) -> 0 | BZ4: =SUM('Баллы без населения'!FN46:FO46,'Баллы без населения'!FV46:GA46) -> 0 | CA4: =SUM('Баллы без населения'!GB46:GQ46) -> 0 | CB4: =SUM('Баллы без населения'!GB46:GC46,'Баллы без населения'!GF46:GK46) -> 0 | CC4: =SUM('Баллы без населения'!GD46:GE46,'Баллы без населения'!GL46:GQ46) -> 0 | CD4: =SUM('Баллы без населения'!GR46:HY46) -> #REF! | CE4: =SUM('Баллы без населения'!GR46:GT46,'Баллы без населения'!GX46:HA46,'Баллы без населения'!HF46:HN46,'Баллы без населения'!HX46) -> #REF! | CF4: =SUM('Баллы без населения'!GU46:GW46,'Баллы без населения'!HB46:HE46,'Баллы без населения'!HO46:HW46,'Баллы без населения'!HY46) -> #REF! | CG4: =SUM('Баллы без населения'!HZ46:IY46) -> 0 | CH4: =SUM('Баллы без населения'!HZ46:IB46,'Баллы без населения'!IF46:IH46,'Баллы без населения'!IL46:IQ46,'Баллы без населения'!IX46) -> 0 | CI4: =SUM('Баллы без населения'!IC46:IE46,'Баллы без населения'!II46:IK46,'Баллы без населения'!IR46:IW46,'Баллы без населения'!IY46) -> 0 | CJ4: =SUM('Баллы без населения'!IZ46:KE46,) -> 0 | CK4: =SUM('Баллы без населения'!IZ46:JE46,'Баллы без населения'!JH46:JY46) -> 0 | CL4: =SUM('Баллы без населения'!JF46:JG46,'Баллы без населения'!JZ46:KE46) -> 0 | CM4: =SUM('Баллы без населения'!OM46:PB46) -> 0 | CN4: =SUMIF('Баллы без населения'!OM44:PB44,"муж",'Баллы без населения'!OM46:PB46) -> 0 | CO4: =SUMIF('Баллы без населения'!OM44:PB44,"жен",'Баллы без населения'!OM46:PB46) -> 0 | CP4: =SUM('Баллы без населения'!OM46:OP46) -> 0 | CQ4: =SUMIF('Баллы без населения'!OM44:OP44,"муж",'Баллы без населения'!OM46:OP46) -> 0 | CR4: =SUMIF('Баллы без населения'!OM44:OP44,"жен",'Баллы без населения'!OM46:OP46) -> 0 | CS4: =SUM('Баллы без населения'!OQ46:PB46) -> 0 | CT4: =SUMIF('Баллы без населения'!OQ44:PB44,"муж",'Баллы без населения'!OQ46:PB46) -> 0 | CU4: =SUMIF('Баллы без населения'!OQ44:PB44,"жен",'Баллы без населения'!OQ46:PB46) -> 0 | CV4: =SUM('Баллы'!KF46:KU46,'Баллы'!PC46:PX46) -> 0 | CW4: =SUM('Баллы без населения'!KF46:KU46) -> 0 | CX4: =SUM('Баллы без населения'!PC46:PX46) -> 0 | CY4: =SUM('Баллы без населения'!KV46:LL46,'Баллы без населения'!PZ46:QJ46) -> 0 | CZ4: =SUM('Баллы без населения'!KZ46:LB46,'Баллы без населения'!PZ46:QJ46) -> 0 | DA4: =SUM('Баллы без населения'!KX46:KY46,'Баллы без населения'!LB46:LC46,'Баллы без населения'!LF46:LG46,'Баллы без населения'!QE46:QJ46) -> 0 | DB4: =SUM('Баллы без населения'!KX46:KY46,'Баллы без населения'!LB46:LC46,'Баллы без населения'!LF46:LG46,'Баллы без населения'!QE46:QG46) -> 0 | DC4: =SUM('Баллы без населения'!LC46,'Баллы без населения'!LG46,'Баллы без населения'!QH46:QJ46) -> 0 | DD4: =SUM('Баллы без населения'!KV46:LL46) -> 0 | DE4: =SUM('Баллы без населения'!KV46:KY46) -> 0 | DF4: =SUM('Баллы без населения'!KZ46:LG46) -> 0 | DG4: =SUM('Баллы без населения'!KZ46:LB46) -> 0 | DH4: =SUM('Баллы без населения'!LD46:LF46) -> 0 | DI4: =SUM('Баллы без населения'!KX46:KY46,'Баллы без населения'!LB46:LC46,'Баллы без населения'!LF46:LG46) -> 0 | DJ4: =SUM('Баллы без населения'!KX46:KY46) -> 0 | DK4: =SUM('Баллы без населения'!LB46:LC46,'Баллы без населения'!LF46:LG46) -> 0 | DL4: =SUM('Баллы без населения'!LC46,'Баллы без населения'!LG46) -> 0 | DM4: =SUM('Баллы без населения'!LH46:LL46) -> 0 | DN4: =SUM('Баллы без населения'!PY46:QJ46) -> 0 | DO4: =SUM('Баллы без населения'!PZ46,'Баллы без населения'!QB46:QJ46) -> 0 | DP4: =SUM('Баллы без населения'!QE46:QJ46) -> 0 | DQ4: =SUM('Баллы без населения'!QE46:QG46) -> 0 | DR4: =SUM('Баллы без населения'!QH46:QJ46) -> 0 | DS4: =SUM('Баллы без населения'!QK46:QP46) -> #REF! | DT4: =SUM('Баллы без населения'!QL46:QM46,'Баллы без населения'!QP46) -> 0 | DU4: =SUM('Баллы без населения'!QN46) -> 0 | DV4: =SUM('Баллы без населения'!QQ46:QX46) -> 0 | DW4: =SUM('Баллы без населения'!QQ46:QR46) -> 0 | DX4: =SUM('Баллы без населения'!QS46:QX46) -> 0
A5: 2 | B5: ='Тест ответы'!B48 -> Московская область | C5: 1 | D5: ='Баллы без населения'!D47 -> #REF! | E5: =SUMIF('Баллы без населения'!$E$3:DX$3,"муж",'Баллы без населения'!E47:DX47) -> #REF! | F5: =SUMIF('Баллы без населения'!$E$3:DX$3,"жен",'Баллы без населения'!E47:DX47) -> #REF! | G5: =SUM('Баллы без населения'!Z47:DK47,'Баллы без населения'!DP47:KE47,'Баллы без населения'!KV47:LL47) -> #REF! | H5: =SUM('Баллы без населения'!LM47:PB47,'Баллы без населения'!PY47:QJ47) -> 0 | I5: =SUM('Баллы без населения'!AZ47:BO47,'Баллы без населения'!DR47:DX47,'Баллы без населения'!FL47:FO47,'Баллы без населения'!GB47:GE47,'Баллы без населения'!GX47:HE47,'Баллы без населения'!IF47:IK47,'Баллы без населения'!IZ47:JG47,'Баллы без населения'!LU47:MG47,'Баллы без населения'!NW47:NZ47,'Баллы без населения'!OM47:OP47) -> 0 | J5: =SUM('Баллы без населения'!BP47:DK47,'Баллы без населения'!DY47:FK47,'Баллы без населения'!FP47:GA47,'Баллы без населения'!GF47:GQ47,'Баллы без населения'!HF47:HW47,'Баллы без населения'!IL47:IW47,'Баллы без населения'!JH47:KE47,'Баллы без населения'!MH47:NV47,'Баллы без населения'!OA47:OL47,'Баллы без населения'!OQ47:PB47) -> 0 | K5: =SUM('Баллы без населения'!E47:R47) -> 0.1055 | L5: =SUM('Баллы без населения'!O47:R47) -> 0.1 | M5: =SUM('Баллы без населения'!S47:Y47) -> 0.1 | N5: =SUM('Баллы без населения'!T47:Y47) -> 0 | O5: =SUM('Баллы без населения'!Z47:AQ47,'Баллы без населения'!LM47:LT47) -> 0 | P5: =SUMIF('Баллы без населения'!$Z$3:$AQ$3,"муж",'Баллы без населения'!Z47:AQ47)+SUMIF('Баллы без населения'!$LM$3:$LT$3,"муж",'Баллы без населения'!LM47:LT47) -> 0 | Q5: =SUMIF('Баллы без населения'!$Z$3:$AQ$3,"жен",'Баллы без населения'!Z47:AQ47)+SUMIF('Баллы без населения'!$LM$3:$LT$3,"жен",'Баллы без населения'!LM47:LT47) -> 0 | R5: =SUM('Баллы без населения'!Z47:AQ47) -> 0 | S5: =SUM('Баллы без населения'!Z47:AH47) -> 0 | T5: =SUM('Баллы без населения'!AI47:AQ47) -> 0 | U5: =SUM('Баллы без населения'!LM47:LT47) -> 0 | V5: =SUM('Баллы без населения'!LM47:LP47) -> 0 | W5: =SUM('Баллы без населения'!LQ47:LT47) -> 0 | X5: =SUM('Баллы без населения'!AR47:DK47,'Баллы без населения'!LU47:NI47) -> 0 | Y5: ='Баллы без населения'!AR47+SUM('Баллы без населения'!AZ47:BH47)+SUM('Баллы без населения'!BP47:CP47)+SUM('Баллы без населения'!LU47:MC47,'Баллы без населения'!MH47:NI47) -> 0 | Z5: ='Баллы без населения'!AS47+SUM('Баллы без населения'!BI47:BO47)+SUM('Баллы без населения'!CQ47:DK47)+SUM('Баллы без населения'!MD47:MG47,'Баллы без населения'!NJ47:NV47,) -> 0 | AA5: =SUM('Баллы без населения'!AR47:DK47) -> 0 | AB5: =SUM('Баллы без населения'!AT47:AY47) -> 0 | AC5: ='Баллы без населения'!AR47+SUM('Баллы без населения'!AZ47:BH47)+SUM('Баллы без населения'!BP47:CP47) -> 0 | AD5: ='Баллы без населения'!AS47+SUM('Баллы без населения'!BI47:BO47)+SUM('Баллы без населения'!CQ47:DK47) -> 0 | AE5: =SUM('Баллы без населения'!AZ47:BO47) -> 0 | AF5: =SUM('Баллы без населения'!AZ47:BH47) -> 0 | AG5: =SUM('Баллы без населения'!BI47:BO47) -> 0 | AH5: =SUM('Баллы без населения'!BP47:DK47) -> 0 | AI5: =SUM('Баллы без населения'!BP47:CP47) -> 0 | AJ5: =SUM('Баллы без населения'!CQ47:DK47) -> 0 | AK5: =SUM('Баллы без населения'!LU47:NV47) -> 0 | AL5: =SUM('Баллы без населения'!LU47:MC47,'Баллы без населения'!MH47:NI47) -> 0 | AM5: =SUM('Баллы без населения'!MD47:MG47,'Баллы без населения'!NJ47:NV47,) -> 0 | AN5: =SUM('Баллы без населения'!LU47:MG47) -> 0 | AO5: =SUM('Баллы без населения'!LU47:MC47) -> 0 | AP5: =SUM('Баллы без населения'!MD47:MG47) -> 0 | AQ5: =SUM('Баллы без населения'!MH47:NV47) -> 0 | AR5: =SUM('Баллы без населения'!MH47:NI47) -> 0 | AS5: =SUM('Баллы без населения'!NJ47:NV47) -> 0 | AT5: =SUM('Баллы без населения'!DR47:FK47,'Баллы без населения'!NW47:OL47) -> 0 | AU5: =SUM('Баллы без населения'!DL47:FK47) -> #REF! | AV5: =SUM('Баллы без населения'!DL47:DQ47) -> #REF! | AW5: =SUM('Баллы без населения'!DR47:DU47)+SUM('Баллы без населения'!DY47:ES47) -> 0 | AX5: =SUM('Баллы без населения'!DV47:DX47)+SUM('Баллы без населения'!ET47:FK47) -> 0 | AY5: =SUM('Баллы без населения'!DR47:DX47) -> 0 | AZ5: =SUM('Баллы без населения'!DR47:DU47) -> 0 | BA5: =SUM('Баллы без населения'!DV47:DX47) -> 0 | BB5: =SUM('Баллы без населения'!DY47:FK47) -> 0 | BC5: =SUM('Баллы без населения'!DY47:ES47) -> 0 | BD5: =SUM('Баллы без населения'!ET47:FK47) -> 0 | BE5: =SUM('Баллы без населения'!NW47:OL47) -> 0 | BF5: =SUMIF('Баллы без населения'!NW45:OL45,"муж",'Баллы без населения'!NW47:OL47) -> 0 | BG5: =SUMIF('Баллы без населения'!NW45:OL45,"жен",'Баллы без населения'!NW47:OL47) -> 0 | BH5: =SUM('Баллы без населения'!NW47:NZ47) -> 0 | BI5: =SUMIF('Баллы без населения'!NW45:NZ45,"муж",'Баллы без населения'!NW47:NZ47) -> 0 | BJ5: =SUMIF('Баллы без населения'!NW45:NZ45,";ty",'Баллы без населения'!NW47:NZ47) -> 0 | BK5: =SUM('Баллы без населения'!OA47:OL47) -> 0 | BL5: =SUMIF('Баллы без населения'!OA45:OL45,"муж",'Баллы без населения'!OA47:OL47) -> 0 | BM5: =SUMIF('Баллы без населения'!OA45:OL45,"муж",'Баллы без населения'!OA47:OL47) -> 0 | BN5: =SUM('Баллы без населения'!FL47:KE47,'Баллы'!OM47:PB47) -> #REF! | BO5: =SUM('Баллы без населения'!FL47:KE47) -> #REF! | BP5: =SUM('Баллы без населения'!FL47:FM47,'Баллы без населения'!FP47:FU47,'Баллы без населения'!GB47:GC47,'Баллы без населения'!GF47:GK47,'Баллы без населения'!GR47:GT47,'Баллы без населения'!GX47:HA47,'Баллы без населения'!HF47:HN47,'Баллы без населения'!HX47,'Баллы без населения'!HZ47:IB47,'Баллы без населения'!IX47,'Баллы без населения'!IF47:IH47,'Баллы без населения'!IL47:IQ47,'Баллы без населения'!IZ47:JE47,'Баллы без населения'!JH47:JY47,) -> #REF! | BQ5: =SUM('Баллы без населения'!FN47:FO47,'Баллы без населения'!FV47:GA47,'Баллы без населения'!GD47:GE47,'Баллы без населения'!GL47:GQ47,'Баллы без населения'!GU47:GW47,'Баллы без населения'!HB47:HE47,'Баллы без населения'!HO47:HW47,'Баллы без населения'!HY47,'Баллы без населения'!IC47:IE47,'Баллы без населения'!II47:IK47,'Баллы без населения'!IR47:IW47,'Баллы без населения'!IY47,'Баллы без населения'!JF47:JG47,'Баллы без населения'!JZ47:KE47) -> #REF! | BR5: =SUM('Баллы без населения'!FL47:FO47,'Баллы без населения'!GB47:GE47,'Баллы без населения'!GX47:HE47,'Баллы без населения'!IF47:IK47,'Баллы без населения'!IZ47:JG47) -> 0 | BS5: =SUM('Баллы без населения'!FL47:FM47,'Баллы без населения'!GB47:GC47,'Баллы без населения'!GX47:HA47,'Баллы без населения'!IZ47:JE47) -> 0 | BT5: =SUM('Баллы без населения'!FN47:FO47,'Баллы без населения'!GD47:GE47,'Баллы без населения'!HB47:HE47,'Баллы без населения'!II47:IK47,'Баллы без населения'!JF47:JG47) -> 0 | BU5: =SUM('Баллы без населения'!FP47:GA47,'Баллы без населения'!GF47:GQ47,'Баллы без населения'!HF47:HW47,'Баллы без населения'!IL47:IW47,'Баллы без населения'!JH47:KE47) -> 0 | BV5: =SUM('Баллы без населения'!FP47:FU47,'Баллы без населения'!GF47:GK47,'Баллы без населения'!HF47:HN47,'Баллы без населения'!IL47:IQ47,'Баллы без населения'!JH47:JY47) -> 0 | BW5: =SUM('Баллы без населения'!FV47:GA47,'Баллы без населения'!GL47:GQ47,'Баллы без населения'!HO47:HW47,'Баллы без населения'!IL47:IW47,'Баллы без населения'!JZ47:KE47) -> 0 | BX5: =SUM('Баллы без населения'!FL47:GA47) -> 0 | BY5: =SUM('Баллы без населения'!FL47:FM47,'Баллы без населения'!FP47:FU47) -> 0 | BZ5: =SUM('Баллы без населения'!FN47:FO47,'Баллы без населения'!FV47:GA47) -> 0 | CA5: =SUM('Баллы без населения'!GB47:GQ47) -> 0 | CB5: =SUM('Баллы без населения'!GB47:GC47,'Баллы без населения'!GF47:GK47) -> 0 | CC5: =SUM('Баллы без населения'!GD47:GE47,'Баллы без населения'!GL47:GQ47) -> 0 | CD5: =SUM('Баллы без населения'!GR47:HY47) -> #REF! | CE5: =SUM('Баллы без населения'!GR47:GT47,'Баллы без населения'!GX47:HA47,'Баллы без населения'!HF47:HN47,'Баллы без населения'!HX47) -> #REF! | CF5: =SUM('Баллы без населения'!GU47:GW47,'Баллы без населения'!HB47:HE47,'Баллы без населения'!HO47:HW47,'Баллы без населения'!HY47) -> #REF! | CG5: =SUM('Баллы без населения'!HZ47:IY47) -> 0 | CH5: =SUM('Баллы без населения'!HZ47:IB47,'Баллы без населения'!IF47:IH47,'Баллы без населения'!IL47:IQ47,'Баллы без населения'!IX47) -> 0 | CI5: =SUM('Баллы без населения'!IC47:IE47,'Баллы без населения'!II47:IK47,'Баллы без населения'!IR47:IW47,'Баллы без населения'!IY47) -> 0 | CJ5: =SUM('Баллы без населения'!IZ47:KE47,) -> 0 | CK5: =SUM('Баллы без населения'!IZ47:JE47,'Баллы без населения'!JH47:JY47) -> 0 | CL5: =SUM('Баллы без населения'!JF47:JG47,'Баллы без населения'!JZ47:KE47) -> 0 | CM5: =SUM('Баллы без населения'!OM47:PB47) -> 0 | CN5: =SUMIF('Баллы без населения'!OM45:PB45,"муж",'Баллы без населения'!OM47:PB47) -> 0 | CO5: =SUMIF('Баллы без населения'!OM45:PB45,"жен",'Баллы без населения'!OM47:PB47) -> 0 | CP5: =SUM('Баллы без населения'!OM47:OP47) -> 0 | CQ5: =SUMIF('Баллы без населения'!OM45:OP45,"муж",'Баллы без населения'!OM47:OP47) -> 0 | CR5: =SUMIF('Баллы без населения'!OM45:OP45,"жен",'Баллы без населения'!OM47:OP47) -> 0 | CS5: =SUM('Баллы без населения'!OQ47:PB47) -> 0 | CT5: =SUMIF('Баллы без населения'!OQ45:PB45,"муж",'Баллы без населения'!OQ47:PB47) -> 0 | CU5: =SUMIF('Баллы без населения'!OQ45:PB45,"жен",'Баллы без населения'!OQ47:PB47) -> 0 | CV5: =SUM('Баллы'!KF47:KU47,'Баллы'!PC47:PX47) -> 0 | CW5: =SUM('Баллы без населения'!KF47:KU47) -> 0 | CX5: =SUM('Баллы без населения'!PC47:PX47) -> 0 | CY5: =SUM('Баллы без населения'!KV47:LL47,'Баллы без населения'!PZ47:QJ47) -> 0 | CZ5: =SUM('Баллы без населения'!KZ47:LB47,'Баллы без населения'!PZ47:QJ47) -> 0 | DA5: =SUM('Баллы без населения'!KX47:KY47,'Баллы без населения'!LB47:LC47,'Баллы без населения'!LF47:LG47,'Баллы без населения'!QE47:QJ47) -> 0 | DB5: =SUM('Баллы без населения'!KX47:KY47,'Баллы без населения'!LB47:LC47,'Баллы без населения'!LF47:LG47,'Баллы без населения'!QE47:QG47) -> 0 | DC5: =SUM('Баллы без населения'!LC47,'Баллы без населения'!LG47,'Баллы без населения'!QH47:QJ47) -> 0 | DD5: =SUM('Баллы без населения'!KV47:LL47) -> 0 | DE5: =SUM('Баллы без населения'!KV47:KY47) -> 0 | DF5: =SUM('Баллы без населения'!KZ47:LG47) -> 0 | DG5: =SUM('Баллы без населения'!KZ47:LB47) -> 0 | DH5: =SUM('Баллы без населения'!LD47:LF47) -> 0 | DI5: =SUM('Баллы без населения'!KX47:KY47,'Баллы без населения'!LB47:LC47,'Баллы без населения'!LF47:LG47) -> 0 | DJ5: =SUM('Баллы без населения'!KX47:KY47) -> 0 | DK5: =SUM('Баллы без населения'!LB47:LC47,'Баллы без населения'!LF47:LG47) -> 0 | DL5: =SUM('Баллы без населения'!LC47,'Баллы без населения'!LG47) -> 0 | DM5: =SUM('Баллы без населения'!LH47:LL47) -> 0 | DN5: =SUM('Баллы без населения'!PY47:QJ47) -> 0 | DO5: =SUM('Баллы без населения'!PZ47,'Баллы без населения'!QB47:QJ47) -> 0 | DP5: =SUM('Баллы без населения'!QE47:QJ47) -> 0 | DQ5: =SUM('Баллы без населения'!QE47:QG47) -> 0 | DR5: =SUM('Баллы без населения'!QH47:QJ47) -> 0 | DS5: =SUM('Баллы без населения'!QK47:QP47) -> #REF! | DT5: =SUM('Баллы без населения'!QL47:QM47,'Баллы без населения'!QP47) -> 0 | DU5: =SUM('Баллы без населения'!QN47) -> 0 | DV5: =SUM('Баллы без населения'!QQ47:QX47) -> 0 | DW5: =SUM('Баллы без населения'!QQ47:QR47) -> 0 | DX5: =SUM('Баллы без населения'!QS47:QX47) -> 0
A6: 3 | B6: ='Тест ответы'!B64 -> Санкт-Петербург | C6: 1 | D6: ='Баллы без населения'!D63 -> #REF! | E6: =SUMIF('Баллы без населения'!$E$3:DX$3,"муж",'Баллы без населения'!E63:DX63) -> #REF! | F6: =SUMIF('Баллы без населения'!$E$3:DX$3,"жен",'Баллы без населения'!E63:DX63) -> #REF! | G6: =SUM('Баллы без населения'!Z63:DK63,'Баллы без населения'!DP63:KE63,'Баллы без населения'!KV63:LL63) -> #REF! | H6: =SUM('Баллы без населения'!LM63:PB63,'Баллы без населения'!PY63:QJ63) -> 0 | I6: =SUM('Баллы без населения'!AZ63:BO63,'Баллы без населения'!DR63:DX63,'Баллы без населения'!FL63:FO63,'Баллы без населения'!GB63:GE63,'Баллы без населения'!GX63:HE63,'Баллы без населения'!IF63:IK63,'Баллы без населения'!IZ63:JG63,'Баллы без населения'!LU63:MG63,'Баллы без населения'!NW63:NZ63,'Баллы без населения'!OM63:OP63) -> 0 | J6: =SUM('Баллы без населения'!BP63:DK63,'Баллы без населения'!DY63:FK63,'Баллы без населения'!FP63:GA63,'Баллы без населения'!GF63:GQ63,'Баллы без населения'!HF63:HW63,'Баллы без населения'!IL63:IW63,'Баллы без населения'!JH63:KE63,'Баллы без населения'!MH63:NV63,'Баллы без населения'!OA63:OL63,'Баллы без населения'!OQ63:PB63) -> 0 | K6: =SUM('Баллы без населения'!E63:R63) -> 0.1235 | L6: =SUM('Баллы без населения'!O63:R63) -> 0.09 | M6: =SUM('Баллы без населения'!S63:Y63) -> 0.1 | N6: =SUM('Баллы без населения'!T63:Y63) -> 0 | O6: =SUM('Баллы без населения'!Z63:AQ63,'Баллы без населения'!LM63:LT63) -> 0 | P6: =SUMIF('Баллы без населения'!$Z$3:$AQ$3,"муж",'Баллы без населения'!Z63:AQ63)+SUMIF('Баллы без населения'!$LM$3:$LT$3,"муж",'Баллы без населения'!LM63:LT63) -> 0 | Q6: =SUMIF('Баллы без населения'!$Z$3:$AQ$3,"жен",'Баллы без населения'!Z63:AQ63)+SUMIF('Баллы без населения'!$LM$3:$LT$3,"жен",'Баллы без населения'!LM63:LT63) -> 0 | R6: =SUM('Баллы без населения'!Z63:AQ63) -> 0 | S6: =SUM('Баллы без населения'!Z63:AH63) -> 0 | T6: =SUM('Баллы без населения'!AI63:AQ63) -> 0 | U6: =SUM('Баллы без населения'!LM63:LT63) -> 0 | V6: =SUM('Баллы без населения'!LM63:LP63) -> 0 | W6: =SUM('Баллы без населения'!LQ63:LT63) -> 0 | X6: =SUM('Баллы без населения'!AR63:DK63,'Баллы без населения'!LU63:NI63) -> 0 | Y6: ='Баллы без населения'!AR63+SUM('Баллы без населения'!AZ63:BH63)+SUM('Баллы без населения'!BP63:CP63)+SUM('Баллы без населения'!LU63:MC63,'Баллы без населения'!MH63:NI63) -> 0 | Z6: ='Баллы без населения'!AS63+SUM('Баллы без населения'!BI63:BO63)+SUM('Баллы без населения'!CQ63:DK63)+SUM('Баллы без населения'!MD63:MG63,'Баллы без населения'!NJ63:NV63,) -> 0 | AA6: =SUM('Баллы без населения'!AR63:DK63) -> 0 | AB6: =SUM('Баллы без населения'!AT63:AY63) -> 0 | AC6: ='Баллы без населения'!AR63+SUM('Баллы без населения'!AZ63:BH63)+SUM('Баллы без населения'!BP63:CP63) -> 0 | AD6: ='Баллы без населения'!AS63+SUM('Баллы без населения'!BI63:BO63)+SUM('Баллы без населения'!CQ63:DK63) -> 0 | AE6: =SUM('Баллы без населения'!AZ63:BO63) -> 0 | AF6: =SUM('Баллы без населения'!AZ63:BH63) -> 0 | AG6: =SUM('Баллы без населения'!BI63:BO63) -> 0 | AH6: =SUM('Баллы без населения'!BP63:DK63) -> 0 | AI6: =SUM('Баллы без населения'!BP63:CP63) -> 0 | AJ6: =SUM('Баллы без населения'!CQ63:DK63) -> 0 | AK6: =SUM('Баллы без населения'!LU63:NV63) -> 0 | AL6: =SUM('Баллы без населения'!LU63:MC63,'Баллы без населения'!MH63:NI63) -> 0 | AM6: =SUM('Баллы без населения'!MD63:MG63,'Баллы без населения'!NJ63:NV63,) -> 0 | AN6: =SUM('Баллы без населения'!LU63:MG63) -> 0 | AO6: =SUM('Баллы без населения'!LU63:MC63) -> 0 | AP6: =SUM('Баллы без населения'!MD63:MG63) -> 0 | AQ6: =SUM('Баллы без населения'!MH63:NV63) -> 0 | AR6: =SUM('Баллы без населения'!MH63:NI63) -> 0 | AS6: =SUM('Баллы без населения'!NJ63:NV63) -> 0 | AT6: =SUM('Баллы без населения'!DR63:FK63,'Баллы без населения'!NW63:OL63) -> 0 | AU6: =SUM('Баллы без населения'!DL63:FK63) -> #REF! | AV6: =SUM('Баллы без населения'!DL63:DQ63) -> #REF! | AW6: =SUM('Баллы без населения'!DR63:DU63)+SUM('Баллы без населения'!DY63:ES63) -> 0 | AX6: =SUM('Баллы без населения'!DV63:DX63)+SUM('Баллы без населения'!ET63:FK63) -> 0 | AY6: =SUM('Баллы без населения'!DR63:DX63) -> 0 | AZ6: =SUM('Баллы без населения'!DR63:DU63) -> 0 | BA6: =SUM('Баллы без населения'!DV63:DX63) -> 0 | BB6: =SUM('Баллы без населения'!DY63:FK63) -> 0 | BC6: =SUM('Баллы без населения'!DY63:ES63) -> 0 | BD6: =SUM('Баллы без населения'!ET63:FK63) -> 0 | BE6: =SUM('Баллы без населения'!NW63:OL63) -> 0 | BF6: =SUMIF('Баллы без населения'!NW61:OL61,"муж",'Баллы без населения'!NW63:OL63) -> 0 | BG6: =SUMIF('Баллы без населения'!NW61:OL61,"жен",'Баллы без населения'!NW63:OL63) -> 0 | BH6: =SUM('Баллы без населения'!NW63:NZ63) -> 0 | BI6: =SUMIF('Баллы без населения'!NW61:NZ61,"муж",'Баллы без населения'!NW63:NZ63) -> 0 | BJ6: =SUMIF('Баллы без населения'!NW61:NZ61,";ty",'Баллы без населения'!NW63:NZ63) -> 0 | BK6: =SUM('Баллы без населения'!OA63:OL63) -> 0 | BL6: =SUMIF('Баллы без населения'!OA61:OL61,"муж",'Баллы без населения'!OA63:OL63) -> 0 | BM6: =SUMIF('Баллы без населения'!OA61:OL61,"муж",'Баллы без населения'!OA63:OL63) -> 0 | BN6: =SUM('Баллы без населения'!FL63:KE63,'Баллы'!OM63:PB63) -> #REF! | BO6: =SUM('Баллы без населения'!FL63:KE63) -> #REF! | BP6: =SUM('Баллы без населения'!FL63:FM63,'Баллы без населения'!FP63:FU63,'Баллы без населения'!GB63:GC63,'Баллы без населения'!GF63:GK63,'Баллы без населения'!GR63:GT63,'Баллы без населения'!GX63:HA63,'Баллы без населения'!HF63:HN63,'Баллы без населения'!HX63,'Баллы без населения'!HZ63:IB63,'Баллы без населения'!IX63,'Баллы без населения'!IF63:IH63,'Баллы без населения'!IL63:IQ63,'Баллы без населения'!IZ63:JE63,'Баллы без населения'!JH63:JY63,) -> #REF! | BQ6: =SUM('Баллы без населения'!FN63:FO63,'Баллы без населения'!FV63:GA63,'Баллы без населения'!GD63:GE63,'Баллы без населения'!GL63:GQ63,'Баллы без населения'!GU63:GW63,'Баллы без населения'!HB63:HE63,'Баллы без населения'!HO63:HW63,'Баллы без населения'!HY63,'Баллы без населения'!IC63:IE63,'Баллы без населения'!II63:IK63,'Баллы без населения'!IR63:IW63,'Баллы без населения'!IY63,'Баллы без населения'!JF63:JG63,'Баллы без населения'!JZ63:KE63) -> #REF! | BR6: =SUM('Баллы без населения'!FL63:FO63,'Баллы без населения'!GB63:GE63,'Баллы без населения'!GX63:HE63,'Баллы без населения'!IF63:IK63,'Баллы без населения'!IZ63:JG63) -> 0 | BS6: =SUM('Баллы без населения'!FL63:FM63,'Баллы без населения'!GB63:GC63,'Баллы без населения'!GX63:HA63,'Баллы без населения'!IZ63:JE63) -> 0 | BT6: =SUM('Баллы без населения'!FN63:FO63,'Баллы без населения'!GD63:GE63,'Баллы без населения'!HB63:HE63,'Баллы без населения'!II63:IK63,'Баллы без населения'!JF63:JG63) -> 0 | BU6: =SUM('Баллы без населения'!FP63:GA63,'Баллы без населения'!GF63:GQ63,'Баллы без населения'!HF63:HW63,'Баллы без населения'!IL63:IW63,'Баллы без населения'!JH63:KE63) -> 0 | BV6: =SUM('Баллы без населения'!FP63:FU63,'Баллы без населения'!GF63:GK63,'Баллы без населения'!HF63:HN63,'Баллы без населения'!IL63:IQ63,'Баллы без населения'!JH63:JY63) -> 0 | BW6: =SUM('Баллы без населения'!FV63:GA63,'Баллы без населения'!GL63:GQ63,'Баллы без населения'!HO63:HW63,'Баллы без населения'!IL63:IW63,'Баллы без населения'!JZ63:KE63) -> 0 | BX6: =SUM('Баллы без населения'!FL63:GA63) -> 0 | BY6: =SUM('Баллы без населения'!FL63:FM63,'Баллы без населения'!FP63:FU63) -> 0 | BZ6: =SUM('Баллы без населения'!FN63:FO63,'Баллы без населения'!FV63:GA63) -> 0 | CA6: =SUM('Баллы без населения'!GB63:GQ63) -> 0 | CB6: =SUM('Баллы без населения'!GB63:GC63,'Баллы без населения'!GF63:GK63) -> 0 | CC6: =SUM('Баллы без населения'!GD63:GE63,'Баллы без населения'!GL63:GQ63) -> 0 | CD6: =SUM('Баллы без населения'!GR63:HY63) -> #REF! | CE6: =SUM('Баллы без населения'!GR63:GT63,'Баллы без населения'!GX63:HA63,'Баллы без населения'!HF63:HN63,'Баллы без населения'!HX63) -> #REF! | CF6: =SUM('Баллы без населения'!GU63:GW63,'Баллы без населения'!HB63:HE63,'Баллы без населения'!HO63:HW63,'Баллы без населения'!HY63) -> #REF! | CG6: =SUM('Баллы без населения'!HZ63:IY63) -> 0 | CH6: =SUM('Баллы без населения'!HZ63:IB63,'Баллы без населения'!IF63:IH63,'Баллы без населения'!IL63:IQ63,'Баллы без населения'!IX63) -> 0 | CI6: =SUM('Баллы без населения'!IC63:IE63,'Баллы без населения'!II63:IK63,'Баллы без населения'!IR63:IW63,'Баллы без населения'!IY63) -> 0 | CJ6: =SUM('Баллы без населения'!IZ63:KE63,) -> 0 | CK6: =SUM('Баллы без населения'!IZ63:JE63,'Баллы без населения'!JH63:JY63) -> 0 | CL6: =SUM('Баллы без населения'!JF63:JG63,'Баллы без населения'!JZ63:KE63) -> 0 | CM6: =SUM('Баллы без населения'!OM63:PB63) -> 0 | CN6: =SUMIF('Баллы без населения'!OM61:PB61,"муж",'Баллы без населения'!OM63:PB63) -> 0 | CO6: =SUMIF('Баллы без населения'!OM61:PB61,"жен",'Баллы без населения'!OM63:PB63) -> 0 | CP6: =SUM('Баллы без населения'!OM63:OP63) -> 0 | CQ6: =SUMIF('Баллы без населения'!OM61:OP61,"муж",'Баллы без населения'!OM63:OP63) -> 0 | CR6: =SUMIF('Баллы без населения'!OM61:OP61,"жен",'Баллы без населения'!OM63:OP63) -> 0 | CS6: =SUM('Баллы без населения'!OQ63:PB63) -> 0 | CT6: =SUMIF('Баллы без населения'!OQ61:PB61,"муж",'Баллы без населения'!OQ63:PB63) -> 0 | CU6: =SUMIF('Баллы без населения'!OQ61:PB61,"жен",'Баллы без населения'!OQ63:PB63) -> 0 | CV6: =SUM('Баллы'!KF63:KU63,'Баллы'!PC63:PX63) -> 0 | CW6: =SUM('Баллы без населения'!KF63:KU63) -> 0 | CX6: =SUM('Баллы без населения'!PC63:PX63) -> 0 | CY6: =SUM('Баллы без населения'!KV63:LL63,'Баллы без населения'!PZ63:QJ63) -> 0 | CZ6: =SUM('Баллы без населения'!KZ63:LB63,'Баллы без населения'!PZ63:QJ63) -> 0 | DA6: =SUM('Баллы без населения'!KX63:KY63,'Баллы без населения'!LB63:LC63,'Баллы без населения'!LF63:LG63,'Баллы без населения'!QE63:QJ63) -> 0 | DB6: =SUM('Баллы без населения'!KX63:KY63,'Баллы без населения'!LB63:LC63,'Баллы без населения'!LF63:LG63,'Баллы без населения'!QE63:QG63) -> 0 | DC6: =SUM('Баллы без населения'!LC63,'Баллы без населения'!LG63,'Баллы без населения'!QH63:QJ63) -> 0 | DD6: =SUM('Баллы без населения'!KV63:LL63) -> 0 | DE6: =SUM('Баллы без населения'!KV63:KY63) -> 0 | DF6: =SUM('Баллы без населения'!KZ63:LG63) -> 0 | DG6: =SUM('Баллы без населения'!KZ63:LB63) -> 0 | DH6: =SUM('Баллы без населения'!LD63:LF63) -> 0 | DI6: =SUM('Баллы без населения'!KX63:KY63,'Баллы без населения'!LB63:LC63,'Баллы без населения'!LF63:LG63) -> 0 | DJ6: =SUM('Баллы без населения'!KX63:KY63) -> 0 | DK6: =SUM('Баллы без населения'!LB63:LC63,'Баллы без населения'!LF63:LG63) -> 0 | DL6: =SUM('Баллы без населения'!LC63,'Баллы без населения'!LG63) -> 0 | DM6: =SUM('Баллы без населения'!LH63:LL63) -> 0 | DN6: =SUM('Баллы без населения'!PY63:QJ63) -> 0 | DO6: =SUM('Баллы без населения'!PZ63,'Баллы без населения'!QB63:QJ63) -> 0 | DP6: =SUM('Баллы без населения'!QE63:QJ63) -> 0 | DQ6: =SUM('Баллы без населения'!QE63:QG63) -> 0 | DR6: =SUM('Баллы без населения'!QH63:QJ63) -> 0 | DS6: =SUM('Баллы без населения'!QK63:QP63) -> #REF! | DT6: =SUM('Баллы без населения'!QL63:QM63,'Баллы без населения'!QP63) -> 0 | DU6: =SUM('Баллы без населения'!QN63) -> 0 | DV6: =SUM('Баллы без населения'!QQ63:QX63) -> 0 | DW6: =SUM('Баллы без населения'!QQ63:QR63) -> 0 | DX6: =SUM('Баллы без населения'!QS63:QX63) -> 0
A7: 4 | B7: ='Тест ответы'!B68 -> Свердловская область | C7: 1 | D7: ='Баллы без населения'!D67 -> #REF! | E7: =SUMIF('Баллы без населения'!$E$3:DX$3,"муж",'Баллы без населения'!E67:DX67) -> #REF! | F7: =SUMIF('Баллы без населения'!$E$3:DX$3,"жен",'Баллы без населения'!E67:DX67) -> #REF! | G7: =SUM('Баллы без населения'!Z67:DK67,'Баллы без населения'!DP67:KE67,'Баллы без населения'!KV67:LL67) -> #REF! | H7: =SUM('Баллы без населения'!LM67:PB67,'Баллы без населения'!PY67:QJ67) -> 0 | I7: =SUM('Баллы без населения'!AZ67:BO67,'Баллы без населения'!DR67:DX67,'Баллы без населения'!FL67:FO67,'Баллы без населения'!GB67:GE67,'Баллы без населения'!GX67:HE67,'Баллы без населения'!IF67:IK67,'Баллы без населения'!IZ67:JG67,'Баллы без населения'!LU67:MG67,'Баллы без населения'!NW67:NZ67,'Баллы без населения'!OM67:OP67) -> 0 | J7: =SUM('Баллы без населения'!BP67:DK67,'Баллы без населения'!DY67:FK67,'Баллы без населения'!FP67:GA67,'Баллы без населения'!GF67:GQ67,'Баллы без населения'!HF67:HW67,'Баллы без населения'!IL67:IW67,'Баллы без населения'!JH67:KE67,'Баллы без населения'!MH67:NV67,'Баллы без населения'!OA67:OL67,'Баллы без населения'!OQ67:PB67) -> 0 | K7: =SUM('Баллы без населения'!E67:R67) -> 0.1955 | L7: =SUM('Баллы без населения'!O67:R67) -> 0.19 | M7: =SUM('Баллы без населения'!S67:Y67) -> 0.1 | N7: =SUM('Баллы без населения'!T67:Y67) -> 0 | O7: =SUM('Баллы без населения'!Z67:AQ67,'Баллы без населения'!LM67:LT67) -> 0 | P7: =SUMIF('Баллы без населения'!$Z$3:$AQ$3,"муж",'Баллы без населения'!Z67:AQ67)+SUMIF('Баллы без населения'!$LM$3:$LT$3,"муж",'Баллы без населения'!LM67:LT67) -> 0 | Q7: =SUMIF('Баллы без населения'!$Z$3:$AQ$3,"жен",'Баллы без населения'!Z67:AQ67)+SUMIF('Баллы без населения'!$LM$3:$LT$3,"жен",'Баллы без населения'!LM67:LT67) -> 0 | R7: =SUM('Баллы без населения'!Z67:AQ67) -> 0 | S7: =SUM('Баллы без населения'!Z67:AH67) -> 0 | T7: =SUM('Баллы без населения'!AI67:AQ67) -> 0 | U7: =SUM('Баллы без населения'!LM67:LT67) -> 0 | V7: =SUM('Баллы без населения'!LM67:LP67) -> 0 | W7: =SUM('Баллы без населения'!LQ67:LT67) -> 0 | X7: =SUM('Баллы без населения'!AR67:DK67,'Баллы без населения'!LU67:NI67) -> 0 | Y7: ='Баллы без населения'!AR67+SUM('Баллы без населения'!AZ67:BH67)+SUM('Баллы без населения'!BP67:CP67)+SUM('Баллы без населения'!LU67:MC67,'Баллы без населения'!MH67:NI67) -> 0 | Z7: ='Баллы без населения'!AS67+SUM('Баллы без населения'!BI67:BO67)+SUM('Баллы без населения'!CQ67:DK67)+SUM('Баллы без населения'!MD67:MG67,'Баллы без населения'!NJ67:NV67,) -> 0 | AA7: =SUM('Баллы без населения'!AR67:DK67) -> 0 | AB7: =SUM('Баллы без населения'!AT67:AY67) -> 0 | AC7: ='Баллы без населения'!AR67+SUM('Баллы без населения'!AZ67:BH67)+SUM('Баллы без населения'!BP67:CP67) -> 0 | AD7: ='Баллы без населения'!AS67+SUM('Баллы без населения'!BI67:BO67)+SUM('Баллы без населения'!CQ67:DK67) -> 0 | AE7: =SUM('Баллы без населения'!AZ67:BO67) -> 0 | AF7: =SUM('Баллы без населения'!AZ67:BH67) -> 0 | AG7: =SUM('Баллы без населения'!BI67:BO67) -> 0 | AH7: =SUM('Баллы без населения'!BP67:DK67) -> 0 | AI7: =SUM('Баллы без населения'!BP67:CP67) -> 0 | AJ7: =SUM('Баллы без населения'!CQ67:DK67) -> 0 | AK7: =SUM('Баллы без населения'!LU67:NV67) -> 0 | AL7: =SUM('Баллы без населения'!LU67:MC67,'Баллы без населения'!MH67:NI67) -> 0 | AM7: =SUM('Баллы без населения'!MD67:MG67,'Баллы без населения'!NJ67:NV67,) -> 0 | AN7: =SUM('Баллы без населения'!LU67:MG67) -> 0 | AO7: =SUM('Баллы без населения'!LU67:MC67) -> 0 | AP7: =SUM('Баллы без населения'!MD67:MG67) -> 0 | AQ7: =SUM('Баллы без населения'!MH67:NV67) -> 0 | AR7: =SUM('Баллы без населения'!MH67:NI67) -> 0 | AS7: =SUM('Баллы без населения'!NJ67:NV67) -> 0 | AT7: =SUM('Баллы без населения'!DR67:FK67,'Баллы без населения'!NW67:OL67) -> 0 | AU7: =SUM('Баллы без населения'!DL67:FK67) -> #REF! | AV7: =SUM('Баллы без населения'!DL67:DQ67) -> #REF! | AW7: =SUM('Баллы без населения'!DR67:DU67)+SUM('Баллы без населения'!DY67:ES67) -> 0 | AX7: =SUM('Баллы без населения'!DV67:DX67)+SUM('Баллы без населения'!ET67:FK67) -> 0 | AY7: =SUM('Баллы без населения'!DR67:DX67) -> 0 | AZ7: =SUM('Баллы без населения'!DR67:DU67) -> 0 | BA7: =SUM('Баллы без населения'!DV67:DX67) -> 0 | BB7: =SUM('Баллы без населения'!DY67:FK67) -> 0 | BC7: =SUM('Баллы без населения'!DY67:ES67) -> 0 | BD7: =SUM('Баллы без населения'!ET67:FK67) -> 0 | BE7: =SUM('Баллы без населения'!NW67:OL67) -> 0 | BF7: =SUMIF('Баллы без населения'!NW65:OL65,"муж",'Баллы без населения'!NW67:OL67) -> 0 | BG7: =SUMIF('Баллы без населения'!NW65:OL65,"жен",'Баллы без населения'!NW67:OL67) -> 0 | BH7: =SUM('Баллы без населения'!NW67:NZ67) -> 0 | BI7: =SUMIF('Баллы без населения'!NW65:NZ65,"муж",'Баллы без населения'!NW67:NZ67) -> 0 | BJ7: =SUMIF('Баллы без населения'!NW65:NZ65,";ty",'Баллы без населения'!NW67:NZ67) -> 0 | BK7: =SUM('Баллы без населения'!OA67:OL67) -> 0 | BL7: =SUMIF('Баллы без населения'!OA65:OL65,"муж",'Баллы без населения'!OA67:OL67) -> 0 | BM7: =SUMIF('Баллы без населения'!OA65:OL65,"муж",'Баллы без населения'!OA67:OL67) -> 0 | BN7: =SUM('Баллы без населения'!FL67:KE67,'Баллы'!OM67:PB67) -> #REF! | BO7: =SUM('Баллы без населения'!FL67:KE67) -> #REF! | BP7: =SUM('Баллы без населения'!FL67:FM67,'Баллы без населения'!FP67:FU67,'Баллы без населения'!GB67:GC67,'Баллы без населения'!GF67:GK67,'Баллы без населения'!GR67:GT67,'Баллы без населения'!GX67:HA67,'Баллы без населения'!HF67:HN67,'Баллы без населения'!HX67,'Баллы без населения'!HZ67:IB67,'Баллы без населения'!IX67,'Баллы без населения'!IF67:IH67,'Баллы без населения'!IL67:IQ67,'Баллы без населения'!IZ67:JE67,'Баллы без населения'!JH67:JY67,) -> #REF! | BQ7: =SUM('Баллы без населения'!FN67:FO67,'Баллы без населения'!FV67:GA67,'Баллы без населения'!GD67:GE67,'Баллы без населения'!GL67:GQ67,'Баллы без населения'!GU67:GW67,'Баллы без населения'!HB67:HE67,'Баллы без населения'!HO67:HW67,'Баллы без населения'!HY67,'Баллы без населения'!IC67:IE67,'Баллы без населения'!II67:IK67,'Баллы без населения'!IR67:IW67,'Баллы без населения'!IY67,'Баллы без населения'!JF67:JG67,'Баллы без населения'!JZ67:KE67) -> #REF! | BR7: =SUM('Баллы без населения'!FL67:FO67,'Баллы без населения'!GB67:GE67,'Баллы без населения'!GX67:HE67,'Баллы без населения'!IF67:IK67,'Баллы без населения'!IZ67:JG67) -> 0 | BS7: =SUM('Баллы без населения'!FL67:FM67,'Баллы без населения'!GB67:GC67,'Баллы без населения'!GX67:HA67,'Баллы без населения'!IZ67:JE67) -> 0 | BT7: =SUM('Баллы без населения'!FN67:FO67,'Баллы без населения'!GD67:GE67,'Баллы без населения'!HB67:HE67,'Баллы без населения'!II67:IK67,'Баллы без населения'!JF67:JG67) -> 0 | BU7: =SUM('Баллы без населения'!FP67:GA67,'Баллы без населения'!GF67:GQ67,'Баллы без населения'!HF67:HW67,'Баллы без населения'!IL67:IW67,'Баллы без населения'!JH67:KE67) -> 0 | BV7: =SUM('Баллы без населения'!FP67:FU67,'Баллы без населения'!GF67:GK67,'Баллы без населения'!HF67:HN67,'Баллы без населения'!IL67:IQ67,'Баллы без населения'!JH67:JY67) -> 0 | BW7: =SUM('Баллы без населения'!FV67:GA67,'Баллы без населения'!GL67:GQ67,'Баллы без населения'!HO67:HW67,'Баллы без населения'!IL67:IW67,'Баллы без населения'!JZ67:KE67) -> 0 | BX7: =SUM('Баллы без населения'!FL67:GA67) -> 0 | BY7: =SUM('Баллы без населения'!FL67:FM67,'Баллы без населения'!FP67:FU67) -> 0 | BZ7: =SUM('Баллы без населения'!FN67:FO67,'Баллы без населения'!FV67:GA67) -> 0 | CA7: =SUM('Баллы без населения'!GB67:GQ67) -> 0 | CB7: =SUM('Баллы без населения'!GB67:GC67,'Баллы без населения'!GF67:GK67) -> 0 | CC7: =SUM('Баллы без населения'!GD67:GE67,'Баллы без населения'!GL67:GQ67) -> 0 | CD7: =SUM('Баллы без населения'!GR67:HY67) -> #REF! | CE7: =SUM('Баллы без населения'!GR67:GT67,'Баллы без населения'!GX67:HA67,'Баллы без населения'!HF67:HN67,'Баллы без населения'!HX67) -> #REF! | CF7: =SUM('Баллы без населения'!GU67:GW67,'Баллы без населения'!HB67:HE67,'Баллы без населения'!HO67:HW67,'Баллы без населения'!HY67) -> #REF! | CG7: =SUM('Баллы без населения'!HZ67:IY67) -> 0 | CH7: =SUM('Баллы без населения'!HZ67:IB67,'Баллы без населения'!IF67:IH67,'Баллы без населения'!IL67:IQ67,'Баллы без населения'!IX67) -> 0 | CI7: =SUM('Баллы без населения'!IC67:IE67,'Баллы без населения'!II67:IK67,'Баллы без населения'!IR67:IW67,'Баллы без населения'!IY67) -> 0 | CJ7: =SUM('Баллы без населения'!IZ67:KE67,) -> 0 | CK7: =SUM('Баллы без населения'!IZ67:JE67,'Баллы без населения'!JH67:JY67) -> 0 | CL7: =SUM('Баллы без населения'!JF67:JG67,'Баллы без населения'!JZ67:KE67) -> 0 | CM7: =SUM('Баллы без населения'!OM67:PB67) -> 0 | CN7: =SUMIF('Баллы без населения'!OM65:PB65,"муж",'Баллы без населения'!OM67:PB67) -> 0 | CO7: =SUMIF('Баллы без населения'!OM65:PB65,"жен",'Баллы без населения'!OM67:PB67) -> 0 | CP7: =SUM('Баллы без населения'!OM67:OP67) -> 0 | CQ7: =SUMIF('Баллы без населения'!OM65:OP65,"муж",'Баллы без населения'!OM67:OP67) -> 0 | CR7: =SUMIF('Баллы без населения'!OM65:OP65,"жен",'Баллы без населения'!OM67:OP67) -> 0 | CS7: =SUM('Баллы без населения'!OQ67:PB67) -> 0 | CT7: =SUMIF('Баллы без населения'!OQ65:PB65,"муж",'Баллы без населения'!OQ67:PB67) -> 0 | CU7: =SUMIF('Баллы без населения'!OQ65:PB65,"жен",'Баллы без населения'!OQ67:PB67) -> 0 | CV7: =SUM('Баллы'!KF67:KU67,'Баллы'!PC67:PX67) -> 0 | CW7: =SUM('Баллы без населения'!KF67:KU67) -> 0 | CX7: =SUM('Баллы без населения'!PC67:PX67) -> 0 | CY7: =SUM('Баллы без населения'!KV67:LL67,'Баллы без населения'!PZ67:QJ67) -> 0 | CZ7: =SUM('Баллы без населения'!KZ67:LB67,'Баллы без населения'!PZ67:QJ67) -> 0 | DA7: =SUM('Баллы без населения'!KX67:KY67,'Баллы без населения'!LB67:LC67,'Баллы без населения'!LF67:LG67,'Баллы без населения'!QE67:QJ67) -> 0 | DB7: =SUM('Баллы без населения'!KX67:KY67,'Баллы без населения'!LB67:LC67,'Баллы без населения'!LF67:LG67,'Баллы без населения'!QE67:QG67) -> 0 | DC7: =SUM('Баллы без населения'!LC67,'Баллы без населения'!LG67,'Баллы без населения'!QH67:QJ67) -> 0 | DD7: =SUM('Баллы без населения'!KV67:LL67) -> 0 | DE7: =SUM('Баллы без населения'!KV67:KY67) -> 0 | DF7: =SUM('Баллы без населения'!KZ67:LG67) -> 0 | DG7: =SUM('Баллы без населения'!KZ67:LB67) -> 0 | DH7: =SUM('Баллы без населения'!LD67:LF67) -> 0 | DI7: =SUM('Баллы без населения'!KX67:KY67,'Баллы без населения'!LB67:LC67,'Баллы без населения'!LF67:LG67) -> 0 | DJ7: =SUM('Баллы без населения'!KX67:KY67) -> 0 | DK7: =SUM('Баллы без населения'!LB67:LC67,'Баллы без населения'!LF67:LG67) -> 0 | DL7: =SUM('Баллы без населения'!LC67,'Баллы без населения'!LG67) -> 0 | DM7: =SUM('Баллы без населения'!LH67:LL67) -> 0 | DN7: =SUM('Баллы без населения'!PY67:QJ67) -> 0 | DO7: =SUM('Баллы без населения'!PZ67,'Баллы без населения'!QB67:QJ67) -> 0 | DP7: =SUM('Баллы без населения'!QE67:QJ67) -> 0 | DQ7: =SUM('Баллы без населения'!QE67:QG67) -> 0 | DR7: =SUM('Баллы без населения'!QH67:QJ67) -> 0 | DS7: =SUM('Баллы без населения'!QK67:QP67) -> #REF! | DT7: =SUM('Баллы без населения'!QL67:QM67,'Баллы без населения'!QP67) -> 0 | DU7: =SUM('Баллы без населения'!QN67) -> 0 | DV7: =SUM('Баллы без населения'!QQ67:QX67) -> 0 | DW7: =SUM('Баллы без населения'!QQ67:QR67) -> 0 | DX7: =SUM('Баллы без населения'!QS67:QX67) -> 0
A8: 5 | B8: ='Тест ответы'!B51 -> Нижегородская область | C8: 1 | D8: ='Баллы без населения'!D50 -> #REF! | E8: =SUMIF('Баллы без населения'!$E$3:DX$3,"муж",'Баллы без населения'!E50:DX50) -> #REF! | F8: =SUMIF('Баллы без населения'!$E$3:DX$3,"жен",'Баллы без населения'!E50:DX50) -> #REF! | G8: =SUM('Баллы без населения'!Z50:DK50,'Баллы без населения'!DP50:KE50,'Баллы без населения'!KV50:LL50) -> #REF! | H8: =SUM('Баллы без населения'!LM50:PB50,'Баллы без населения'!PY50:QJ50) -> 0 | I8: =SUM('Баллы без населения'!AZ50:BO50,'Баллы без населения'!DR50:DX50,'Баллы без населения'!FL50:FO50,'Баллы без населения'!GB50:GE50,'Баллы без населения'!GX50:HE50,'Баллы без населения'!IF50:IK50,'Баллы без населения'!IZ50:JG50,'Баллы без населения'!LU50:MG50,'Баллы без населения'!NW50:NZ50,'Баллы без населения'!OM50:OP50) -> 0 | J8: =SUM('Баллы без населения'!BP50:DK50,'Баллы без населения'!DY50:FK50,'Баллы без населения'!FP50:GA50,'Баллы без населения'!GF50:GQ50,'Баллы без населения'!HF50:HW50,'Баллы без населения'!IL50:IW50,'Баллы без населения'!JH50:KE50,'Баллы без населения'!MH50:NV50,'Баллы без населения'!OA50:OL50,'Баллы без населения'!OQ50:PB50) -> 0 | K8: =SUM('Баллы без населения'!E50:R50) -> 0.1405 | L8: =SUM('Баллы без населения'!O50:R50) -> 0.09 | M8: =SUM('Баллы без населения'!S50:Y50) -> 0.1 | N8: =SUM('Баллы без населения'!T50:Y50) -> 0 | O8: =SUM('Баллы без населения'!Z50:AQ50,'Баллы без населения'!LM50:LT50) -> 0 | P8: =SUMIF('Баллы без населения'!$Z$3:$AQ$3,"муж",'Баллы без населения'!Z50:AQ50)+SUMIF('Баллы без населения'!$LM$3:$LT$3,"муж",'Баллы без населения'!LM50:LT50) -> 0 | Q8: =SUMIF('Баллы без населения'!$Z$3:$AQ$3,"жен",'Баллы без населения'!Z50:AQ50)+SUMIF('Баллы без населения'!$LM$3:$LT$3,"жен",'Баллы без населения'!LM50:LT50) -> 0 | R8: =SUM('Баллы без населения'!Z50:AQ50) -> 0 | S8: =SUM('Баллы без населения'!Z50:AH50) -> 0 | T8: =SUM('Баллы без населения'!AI50:AQ50) -> 0 | U8: =SUM('Баллы без населения'!LM50:LT50) -> 0 | V8: =SUM('Баллы без населения'!LM50:LP50) -> 0 | W8: =SUM('Баллы без населения'!LQ50:LT50) -> 0 | X8: =SUM('Баллы без населения'!AR50:DK50,'Баллы без населения'!LU50:NI50) -> 0 | Y8: ='Баллы без населения'!AR50+SUM('Баллы без населения'!AZ50:BH50)+SUM('Баллы без населения'!BP50:CP50)+SUM('Баллы без населения'!LU50:MC50,'Баллы без населения'!MH50:NI50) -> 0 | Z8: ='Баллы без населения'!AS50+SUM('Баллы без населения'!BI50:BO50)+SUM('Баллы без населения'!CQ50:DK50)+SUM('Баллы без населения'!MD50:MG50,'Баллы без населения'!NJ50:NV50,) -> 0 | AA8: =SUM('Баллы без населения'!AR50:DK50) -> 0 | AB8: =SUM('Баллы без населения'!AT50:AY50) -> 0 | AC8: ='Баллы без населения'!AR50+SUM('Баллы без населения'!AZ50:BH50)+SUM('Баллы без населения'!BP50:CP50) -> 0 | AD8: ='Баллы без населения'!AS50+SUM('Баллы без населения'!BI50:BO50)+SUM('Баллы без населения'!CQ50:DK50) -> 0 | AE8: =SUM('Баллы без населения'!AZ50:BO50) -> 0 | AF8: =SUM('Баллы без населения'!AZ50:BH50) -> 0 | AG8: =SUM('Баллы без населения'!BI50:BO50) -> 0 | AH8: =SUM('Баллы без населения'!BP50:DK50) -> 0 | AI8: =SUM('Баллы без населения'!BP50:CP50) -> 0 | AJ8: =SUM('Баллы без населения'!CQ50:DK50) -> 0 | AK8: =SUM('Баллы без населения'!LU50:NV50) -> 0 | AL8: =SUM('Баллы без населения'!LU50:MC50,'Баллы без населения'!MH50:NI50) -> 0 | AM8: =SUM('Баллы без населения'!MD50:MG50,'Баллы без населения'!NJ50:NV50,) -> 0 | AN8: =SUM('Баллы без населения'!LU50:MG50) -> 0 | AO8: =SUM('Баллы без населения'!LU50:MC50) -> 0 | AP8: =SUM('Баллы без населения'!MD50:MG50) -> 0 | AQ8: =SUM('Баллы без населения'!MH50:NV50) -> 0 | AR8: =SUM('Баллы без населения'!MH50:NI50) -> 0 | AS8: =SUM('Баллы без населения'!NJ50:NV50) -> 0 | AT8: =SUM('Баллы без населения'!DR50:FK50,'Баллы без населения'!NW50:OL50) -> 0 | AU8: =SUM('Баллы без населения'!DL50:FK50) -> #REF! | AV8: =SUM('Баллы без населения'!DL50:DQ50) -> #REF! | AW8: =SUM('Баллы без населения'!DR50:DU50)+SUM('Баллы без населения'!DY50:ES50) -> 0 | AX8: =SUM('Баллы без населения'!DV50:DX50)+SUM('Баллы без населения'!ET50:FK50) -> 0 | AY8: =SUM('Баллы без населения'!DR50:DX50) -> 0 | AZ8: =SUM('Баллы без населения'!DR50:DU50) -> 0 | BA8: =SUM('Баллы без населения'!DV50:DX50) -> 0 | BB8: =SUM('Баллы без населения'!DY50:FK50) -> 0 | BC8: =SUM('Баллы без населения'!DY50:ES50) -> 0 | BD8: =SUM('Баллы без населения'!ET50:FK50) -> 0 | BE8: =SUM('Баллы без населения'!NW50:OL50) -> 0 | BF8: =SUMIF('Баллы без населения'!NW48:OL48,"муж",'Баллы без населения'!NW50:OL50) -> 0 | BG8: =SUMIF('Баллы без населения'!NW48:OL48,"жен",'Баллы без населения'!NW50:OL50) -> 0 | BH8: =SUM('Баллы без населения'!NW50:NZ50) -> 0 | BI8: =SUMIF('Баллы без населения'!NW48:NZ48,"муж",'Баллы без населения'!NW50:NZ50) -> 0 | BJ8: =SUMIF('Баллы без населения'!NW48:NZ48,";ty",'Баллы без населения'!NW50:NZ50) -> 0 | BK8: =SUM('Баллы без населения'!OA50:OL50) -> 0 | BL8: =SUMIF('Баллы без населения'!OA48:OL48,"муж",'Баллы без населения'!OA50:OL50) -> 0 | BM8: =SUMIF('Баллы без населения'!OA48:OL48,"муж",'Баллы без населения'!OA50:OL50) -> 0 | BN8: =SUM('Баллы без населения'!FL50:KE50,'Баллы'!OM50:PB50) -> #REF! | BO8: =SUM('Баллы без населения'!FL50:KE50) -> #REF! | BP8: =SUM('Баллы без населения'!FL50:FM50,'Баллы без населения'!FP50:FU50,'Баллы без населения'!GB50:GC50,'Баллы без населения'!GF50:GK50,'Баллы без населения'!GR50:GT50,'Баллы без населения'!GX50:HA50,'Баллы без населения'!HF50:HN50,'Баллы без населения'!HX50,'Баллы без населения'!HZ50:IB50,'Баллы без населения'!IX50,'Баллы без населения'!IF50:IH50,'Баллы без населения'!IL50:IQ50,'Баллы без населения'!IZ50:JE50,'Баллы без населения'!JH50:JY50,) -> #REF! | BQ8: =SUM('Баллы без населения'!FN50:FO50,'Баллы без населения'!FV50:GA50,'Баллы без населения'!GD50:GE50,'Баллы без населения'!GL50:GQ50,'Баллы без населения'!GU50:GW50,'Баллы без населения'!HB50:HE50,'Баллы без населения'!HO50:HW50,'Баллы без населения'!HY50,'Баллы без населения'!IC50:IE50,'Баллы без населения'!II50:IK50,'Баллы без населения'!IR50:IW50,'Баллы без населения'!IY50,'Баллы без населения'!JF50:JG50,'Баллы без населения'!JZ50:KE50) -> #REF! | BR8: =SUM('Баллы без населения'!FL50:FO50,'Баллы без населения'!GB50:GE50,'Баллы без населения'!GX50:HE50,'Баллы без населения'!IF50:IK50,'Баллы без населения'!IZ50:JG50) -> 0 | BS8: =SUM('Баллы без населения'!FL50:FM50,'Баллы без населения'!GB50:GC50,'Баллы без населения'!GX50:HA50,'Баллы без населения'!IZ50:JE50) -> 0 | BT8: =SUM('Баллы без населения'!FN50:FO50,'Баллы без населения'!GD50:GE50,'Баллы без населения'!HB50:HE50,'Баллы без населения'!II50:IK50,'Баллы без населения'!JF50:JG50) -> 0 | BU8: =SUM('Баллы без населения'!FP50:GA50,'Баллы без населения'!GF50:GQ50,'Баллы без населения'!HF50:HW50,'Баллы без населения'!IL50:IW50,'Баллы без населения'!JH50:KE50) -> 0 | BV8: =SUM('Баллы без населения'!FP50:FU50,'Баллы без населения'!GF50:GK50,'Баллы без населения'!HF50:HN50,'Баллы без населения'!IL50:IQ50,'Баллы без населения'!JH50:JY50) -> 0 | BW8: =SUM('Баллы без населения'!FV50:GA50,'Баллы без населения'!GL50:GQ50,'Баллы без населения'!HO50:HW50,'Баллы без населения'!IL50:IW50,'Баллы без населения'!JZ50:KE50) -> 0 | BX8: =SUM('Баллы без населения'!FL50:GA50) -> 0 | BY8: =SUM('Баллы без населения'!FL50:FM50,'Баллы без населения'!FP50:FU50) -> 0 | BZ8: =SUM('Баллы без населения'!FN50:FO50,'Баллы без населения'!FV50:GA50) -> 0 | CA8: =SUM('Баллы без населения'!GB50:GQ50) -> 0 | CB8: =SUM('Баллы без населения'!GB50:GC50,'Баллы без населения'!GF50:GK50) -> 0 | CC8: =SUM('Баллы без населения'!GD50:GE50,'Баллы без населения'!GL50:GQ50) -> 0 | CD8: =SUM('Баллы без населения'!GR50:HY50) -> #REF! | CE8: =SUM('Баллы без населения'!GR50:GT50,'Баллы без населения'!GX50:HA50,'Баллы без населения'!HF50:HN50,'Баллы без населения'!HX50) -> #REF! | CF8: =SUM('Баллы без населения'!GU50:GW50,'Баллы без населения'!HB50:HE50,'Баллы без населения'!HO50:HW50,'Баллы без населения'!HY50) -> #REF! | CG8: =SUM('Баллы без населения'!HZ50:IY50) -> 0 | CH8: =SUM('Баллы без населения'!HZ50:IB50,'Баллы без населения'!IF50:IH50,'Баллы без населения'!IL50:IQ50,'Баллы без населения'!IX50) -> 0 | CI8: =SUM('Баллы без населения'!IC50:IE50,'Баллы без населения'!II50:IK50,'Баллы без населения'!IR50:IW50,'Баллы без населения'!IY50) -> 0 | CJ8: =SUM('Баллы без населения'!IZ50:KE50,) -> 0 | CK8: =SUM('Баллы без населения'!IZ50:JE50,'Баллы без населения'!JH50:JY50) -> 0 | CL8: =SUM('Баллы без населения'!JF50:JG50,'Баллы без населения'!JZ50:KE50) -> 0 | CM8: =SUM('Баллы без населения'!OM50:PB50) -> 0 | CN8: =SUMIF('Баллы без населения'!OM48:PB48,"муж",'Баллы без населения'!OM50:PB50) -> 0 | CO8: =SUMIF('Баллы без населения'!OM48:PB48,"жен",'Баллы без населения'!OM50:PB50) -> 0 | CP8: =SUM('Баллы без населения'!OM50:OP50) -> 0 | CQ8: =SUMIF('Баллы без населения'!OM48:OP48,"муж",'Баллы без населения'!OM50:OP50) -> 0 | CR8: =SUMIF('Баллы без населения'!OM48:OP48,"жен",'Баллы без населения'!OM50:OP50) -> 0 | CS8: =SUM('Баллы без населения'!OQ50:PB50) -> 0 | CT8: =SUMIF('Баллы без населения'!OQ48:PB48,"муж",'Баллы без населения'!OQ50:PB50) -> 0 | CU8: =SUMIF('Баллы без населения'!OQ48:PB48,"жен",'Баллы без населения'!OQ50:PB50) -> 0 | CV8: =SUM('Баллы'!KF50:KU50,'Баллы'!PC50:PX50) -> 0 | CW8: =SUM('Баллы без населения'!KF50:KU50) -> 0 | CX8: =SUM('Баллы без населения'!PC50:PX50) -> 0 | CY8: =SUM('Баллы без населения'!KV50:LL50,'Баллы без населения'!PZ50:QJ50) -> 0 | CZ8: =SUM('Баллы без населения'!KZ50:LB50,'Баллы без населения'!PZ50:QJ50) -> 0 | DA8: =SUM('Баллы без населения'!KX50:KY50,'Баллы без населения'!LB50:LC50,'Баллы без населения'!LF50:LG50,'Баллы без населения'!QE50:QJ50) -> 0 | DB8: =SUM('Баллы без населения'!KX50:KY50,'Баллы без населения'!LB50:LC50,'Баллы без населения'!LF50:LG50,'Баллы без населения'!QE50:QG50) -> 0 | DC8: =SUM('Баллы без населения'!LC50,'Баллы без населения'!LG50,'Баллы без населения'!QH50:QJ50) -> 0 | DD8: =SUM('Баллы без населения'!KV50:LL50) -> 0 | DE8: =SUM('Баллы без населения'!KV50:KY50) -> 0 | DF8: =SUM('Баллы без населения'!KZ50:LG50) -> 0 | DG8: =SUM('Баллы без населения'!KZ50:LB50) -> 0 | DH8: =SUM('Баллы без населения'!LD50:LF50) -> 0 | DI8: =SUM('Баллы без населения'!KX50:KY50,'Баллы без населения'!LB50:LC50,'Баллы без населения'!LF50:LG50) -> 0 | DJ8: =SUM('Баллы без населения'!KX50:KY50) -> 0 | DK8: =SUM('Баллы без населения'!LB50:LC50,'Баллы без населения'!LF50:LG50) -> 0 | DL8: =SUM('Баллы без населения'!LC50,'Баллы без населения'!LG50) -> 0 | DM8: =SUM('Баллы без населения'!LH50:LL50) -> 0 | DN8: =SUM('Баллы без населения'!PY50:QJ50) -> 0 | DO8: =SUM('Баллы без населения'!PZ50,'Баллы без населения'!QB50:QJ50) -> 0 | DP8: =SUM('Баллы без населения'!QE50:QJ50) -> 0 | DQ8: =SUM('Баллы без населения'!QE50:QG50) -> 0 | DR8: =SUM('Баллы без населения'!QH50:QJ50) -> 0 | DS8: =SUM('Баллы без населения'!QK50:QP50) -> #REF! | DT8: =SUM('Баллы без населения'!QL50:QM50,'Баллы без населения'!QP50) -> 0 | DU8: =SUM('Баллы без населения'!QN50) -> 0 | DV8: =SUM('Баллы без населения'!QQ50:QX50) -> 0 | DW8: =SUM('Баллы без населения'!QQ50:QR50) -> 0 | DX8: =SUM('Баллы без населения'!QS50:QX50) -> 0
A9: 6 | B9: ='Тест ответы'!B63 -> Самарская область | C9: 1 | D9: ='Баллы без населения'!D62 -> #REF! | E9: =SUMIF('Баллы без населения'!$E$3:DX$3,"муж",'Баллы без населения'!E62:DX62) -> #REF! | F9: =SUMIF('Баллы без населения'!$E$3:DX$3,"жен",'Баллы без населения'!E62:DX62) -> #REF! | G9: =SUM('Баллы без населения'!Z62:DK62,'Баллы без населения'!DP62:KE62,'Баллы без населения'!KV62:LL62) -> #REF! | H9: =SUM('Баллы без населения'!LM62:PB62,'Баллы без населения'!PY62:QJ62) -> 0 | I9: =SUM('Баллы без населения'!AZ62:BO62,'Баллы без населения'!DR62:DX62,'Баллы без населения'!FL62:FO62,'Баллы без населения'!GB62:GE62,'Баллы без населения'!GX62:HE62,'Баллы без населения'!IF62:IK62,'Баллы без населения'!IZ62:JG62,'Баллы без населения'!LU62:MG62,'Баллы без населения'!NW62:NZ62,'Баллы без населения'!OM62:OP62) -> 0 | J9: =SUM('Баллы без населения'!BP62:DK62,'Баллы без населения'!DY62:FK62,'Баллы без населения'!FP62:GA62,'Баллы без населения'!GF62:GQ62,'Баллы без населения'!HF62:HW62,'Баллы без населения'!IL62:IW62,'Баллы без населения'!JH62:KE62,'Баллы без населения'!MH62:NV62,'Баллы без населения'!OA62:OL62,'Баллы без населения'!OQ62:PB62) -> 0 | K9: =SUM('Баллы без населения'!E62:R62) -> 0.0385 | L9: =SUM('Баллы без населения'!O62:R62) -> 0 | M9: =SUM('Баллы без населения'!S62:Y62) -> 0.1 | N9: =SUM('Баллы без населения'!T62:Y62) -> 0 | O9: =SUM('Баллы без населения'!Z62:AQ62,'Баллы без населения'!LM62:LT62) -> 0 | P9: =SUMIF('Баллы без населения'!$Z$3:$AQ$3,"муж",'Баллы без населения'!Z62:AQ62)+SUMIF('Баллы без населения'!$LM$3:$LT$3,"муж",'Баллы без населения'!LM62:LT62) -> 0 | Q9: =SUMIF('Баллы без населения'!$Z$3:$AQ$3,"жен",'Баллы без населения'!Z62:AQ62)+SUMIF('Баллы без населения'!$LM$3:$LT$3,"жен",'Баллы без населения'!LM62:LT62) -> 0 | R9: =SUM('Баллы без населения'!Z62:AQ62) -> 0 | S9: =SUM('Баллы без населения'!Z62:AH62) -> 0 | T9: =SUM('Баллы без населения'!AI62:AQ62) -> 0 | U9: =SUM('Баллы без населения'!LM62:LT62) -> 0 | V9: =SUM('Баллы без населения'!LM62:LP62) -> 0 | W9: =SUM('Баллы без населения'!LQ62:LT62) -> 0 | X9: =SUM('Баллы без населения'!AR62:DK62,'Баллы без населения'!LU62:NI62) -> 0 | Y9: ='Баллы без населения'!AR62+SUM('Баллы без населения'!AZ62:BH62)+SUM('Баллы без населения'!BP62:CP62)+SUM('Баллы без населения'!LU62:MC62,'Баллы без населения'!MH62:NI62) -> 0 | Z9: ='Баллы без населения'!AS62+SUM('Баллы без населения'!BI62:BO62)+SUM('Баллы без населения'!CQ62:DK62)+SUM('Баллы без населения'!MD62:MG62,'Баллы без населения'!NJ62:NV62,) -> 0 | AA9: =SUM('Баллы без населения'!AR62:DK62) -> 0 | AB9: =SUM('Баллы без населения'!AT62:AY62) -> 0 | AC9: ='Баллы без населения'!AR62+SUM('Баллы без населения'!AZ62:BH62)+SUM('Баллы без населения'!BP62:CP62) -> 0 | AD9: ='Баллы без населения'!AS62+SUM('Баллы без населения'!BI62:BO62)+SUM('Баллы без населения'!CQ62:DK62) -> 0 | AE9: =SUM('Баллы без населения'!AZ62:BO62) -> 0 | AF9: =SUM('Баллы без населения'!AZ62:BH62) -> 0 | AG9: =SUM('Баллы без населения'!BI62:BO62) -> 0 | AH9: =SUM('Баллы без населения'!BP62:DK62) -> 0 | AI9: =SUM('Баллы без населения'!BP62:CP62) -> 0 | AJ9: =SUM('Баллы без населения'!CQ62:DK62) -> 0 | AK9: =SUM('Баллы без населения'!LU62:NV62) -> 0 | AL9: =SUM('Баллы без населения'!LU62:MC62,'Баллы без населения'!MH62:NI62) -> 0 | AM9: =SUM('Баллы без населения'!MD62:MG62,'Баллы без населения'!NJ62:NV62,) -> 0 | AN9: =SUM('Баллы без населения'!LU62:MG62) -> 0 | AO9: =SUM('Баллы без населения'!LU62:MC62) -> 0 | AP9: =SUM('Баллы без населения'!MD62:MG62) -> 0 | AQ9: =SUM('Баллы без населения'!MH62:NV62) -> 0 | AR9: =SUM('Баллы без населения'!MH62:NI62) -> 0 | AS9: =SUM('Баллы без населения'!NJ62:NV62) -> 0 | AT9: =SUM('Баллы без населения'!DR62:FK62,'Баллы без населения'!NW62:OL62) -> 0 | AU9: =SUM('Баллы без населения'!DL62:FK62) -> #REF! | AV9: =SUM('Баллы без населения'!DL62:DQ62) -> #REF! | AW9: =SUM('Баллы без населения'!DR62:DU62)+SUM('Баллы без населения'!DY62:ES62) -> 0 | AX9: =SUM('Баллы без населения'!DV62:DX62)+SUM('Баллы без населения'!ET62:FK62) -> 0 | AY9: =SUM('Баллы без населения'!DR62:DX62) -> 0 | AZ9: =SUM('Баллы без населения'!DR62:DU62) -> 0 | BA9: =SUM('Баллы без населения'!DV62:DX62) -> 0 | BB9: =SUM('Баллы без населения'!DY62:FK62) -> 0 | BC9: =SUM('Баллы без населения'!DY62:ES62) -> 0 | BD9: =SUM('Баллы без населения'!ET62:FK62) -> 0 | BE9: =SUM('Баллы без населения'!NW62:OL62) -> 0 | BF9: =SUMIF('Баллы без населения'!NW60:OL60,"муж",'Баллы без населения'!NW62:OL62) -> 0 | BG9: =SUMIF('Баллы без населения'!NW60:OL60,"жен",'Баллы без населения'!NW62:OL62) -> 0 | BH9: =SUM('Баллы без населения'!NW62:NZ62) -> 0 | BI9: =SUMIF('Баллы без населения'!NW60:NZ60,"муж",'Баллы без населения'!NW62:NZ62) -> 0 | BJ9: =SUMIF('Баллы без населения'!NW60:NZ60,";ty",'Баллы без населения'!NW62:NZ62) -> 0 | BK9: =SUM('Баллы без населения'!OA62:OL62) -> 0 | BL9: =SUMIF('Баллы без населения'!OA60:OL60,"муж",'Баллы без населения'!OA62:OL62) -> 0 | BM9: =SUMIF('Баллы без населения'!OA60:OL60,"муж",'Баллы без населения'!OA62:OL62) -> 0 | BN9: =SUM('Баллы без населения'!FL62:KE62,'Баллы'!OM62:PB62) -> #REF! | BO9: =SUM('Баллы без населения'!FL62:KE62) -> #REF! | BP9: =SUM('Баллы без населения'!FL62:FM62,'Баллы без населения'!FP62:FU62,'Баллы без населения'!GB62:GC62,'Баллы без населения'!GF62:GK62,'Баллы без населения'!GR62:GT62,'Баллы без населения'!GX62:HA62,'Баллы без населения'!HF62:HN62,'Баллы без населения'!HX62,'Баллы без населения'!HZ62:IB62,'Баллы без населения'!IX62,'Баллы без населения'!IF62:IH62,'Баллы без населения'!IL62:IQ62,'Баллы без населения'!IZ62:JE62,'Баллы без населения'!JH62:JY62,) -> #REF! | BQ9: =SUM('Баллы без населения'!FN62:FO62,'Баллы без населения'!FV62:GA62,'Баллы без населения'!GD62:GE62,'Баллы без населения'!GL62:GQ62,'Баллы без населения'!GU62:GW62,'Баллы без населения'!HB62:HE62,'Баллы без населения'!HO62:HW62,'Баллы без населения'!HY62,'Баллы без населения'!IC62:IE62,'Баллы без населения'!II62:IK62,'Баллы без населения'!IR62:IW62,'Баллы без населения'!IY62,'Баллы без населения'!JF62:JG62,'Баллы без населения'!JZ62:KE62) -> #REF! | BR9: =SUM('Баллы без населения'!FL62:FO62,'Баллы без населения'!GB62:GE62,'Баллы без населения'!GX62:HE62,'Баллы без населения'!IF62:IK62,'Баллы без населения'!IZ62:JG62) -> 0 | BS9: =SUM('Баллы без населения'!FL62:FM62,'Баллы без населения'!GB62:GC62,'Баллы без населения'!GX62:HA62,'Баллы без населения'!IZ62:JE62) -> 0 | BT9: =SUM('Баллы без населения'!FN62:FO62,'Баллы без населения'!GD62:GE62,'Баллы без населения'!HB62:HE62,'Баллы без населения'!II62:IK62,'Баллы без населения'!JF62:JG62) -> 0 | BU9: =SUM('Баллы без населения'!FP62:GA62,'Баллы без населения'!GF62:GQ62,'Баллы без населения'!HF62:HW62,'Баллы без населения'!IL62:IW62,'Баллы без населения'!JH62:KE62) -> 0 | BV9: =SUM('Баллы без населения'!FP62:FU62,'Баллы без населения'!GF62:GK62,'Баллы без населения'!HF62:HN62,'Баллы без населения'!IL62:IQ62,'Баллы без населения'!JH62:JY62) -> 0 | BW9: =SUM('Баллы без населения'!FV62:GA62,'Баллы без населения'!GL62:GQ62,'Баллы без населения'!HO62:HW62,'Баллы без населения'!IL62:IW62,'Баллы без населения'!JZ62:KE62) -> 0 | BX9: =SUM('Баллы без населения'!FL62:GA62) -> 0 | BY9: =SUM('Баллы без населения'!FL62:FM62,'Баллы без населения'!FP62:FU62) -> 0 | BZ9: =SUM('Баллы без населения'!FN62:FO62,'Баллы без населения'!FV62:GA62) -> 0 | CA9: =SUM('Баллы без населения'!GB62:GQ62) -> 0 | CB9: =SUM('Баллы без населения'!GB62:GC62,'Баллы без населения'!GF62:GK62) -> 0 | CC9: =SUM('Баллы без населения'!GD62:GE62,'Баллы без населения'!GL62:GQ62) -> 0 | CD9: =SUM('Баллы без населения'!GR62:HY62) -> #REF! | CE9: =SUM('Баллы без населения'!GR62:GT62,'Баллы без населения'!GX62:HA62,'Баллы без населения'!HF62:HN62,'Баллы без населения'!HX62) -> #REF! | CF9: =SUM('Баллы без населения'!GU62:GW62,'Баллы без населения'!HB62:HE62,'Баллы без населения'!HO62:HW62,'Баллы без населения'!HY62) -> #REF! | CG9: =SUM('Баллы без населения'!HZ62:IY62) -> 0 | CH9: =SUM('Баллы без населения'!HZ62:IB62,'Баллы без населения'!IF62:IH62,'Баллы без населения'!IL62:IQ62,'Баллы без населения'!IX62) -> 0 | CI9: =SUM('Баллы без населения'!IC62:IE62,'Баллы без населения'!II62:IK62,'Баллы без населения'!IR62:IW62,'Баллы без населения'!IY62) -> 0 | CJ9: =SUM('Баллы без населения'!IZ62:KE62,) -> 0 | CK9: =SUM('Баллы без населения'!IZ62:JE62,'Баллы без населения'!JH62:JY62) -> 0 | CL9: =SUM('Баллы без населения'!JF62:JG62,'Баллы без населения'!JZ62:KE62) -> 0 | CM9: =SUM('Баллы без населения'!OM62:PB62) -> 0 | CN9: =SUMIF('Баллы без населения'!OM60:PB60,"муж",'Баллы без населения'!OM62:PB62) -> 0 | CO9: =SUMIF('Баллы без населения'!OM60:PB60,"жен",'Баллы без населения'!OM62:PB62) -> 0 | CP9: =SUM('Баллы без населения'!OM62:OP62) -> 0 | CQ9: =SUMIF('Баллы без населения'!OM60:OP60,"муж",'Баллы без населения'!OM62:OP62) -> 0 | CR9: =SUMIF('Баллы без населения'!OM60:OP60,"жен",'Баллы без населения'!OM62:OP62) -> 0 | CS9: =SUM('Баллы без населения'!OQ62:PB62) -> 0 | CT9: =SUMIF('Баллы без населения'!OQ60:PB60,"муж",'Баллы без населения'!OQ62:PB62) -> 0 | CU9: =SUMIF('Баллы без населения'!OQ60:PB60,"жен",'Баллы без населения'!OQ62:PB62) -> 0 | CV9: =SUM('Баллы'!KF62:KU62,'Баллы'!PC62:PX62) -> 0 | CW9: =SUM('Баллы без населения'!KF62:KU62) -> 0 | CX9: =SUM('Баллы без населения'!PC62:PX62) -> 0 | CY9: =SUM('Баллы без населения'!KV62:LL62,'Баллы без населения'!PZ62:QJ62) -> 0 | CZ9: =SUM('Баллы без населения'!KZ62:LB62,'Баллы без населения'!PZ62:QJ62) -> 0 | DA9: =SUM('Баллы без населения'!KX62:KY62,'Баллы без населения'!LB62:LC62,'Баллы без населения'!LF62:LG62,'Баллы без населения'!QE62:QJ62) -> 0 | DB9: =SUM('Баллы без населения'!KX62:KY62,'Баллы без населения'!LB62:LC62,'Баллы без населения'!LF62:LG62,'Баллы без населения'!QE62:QG62) -> 0 | DC9: =SUM('Баллы без населения'!LC62,'Баллы без населения'!LG62,'Баллы без населения'!QH62:QJ62) -> 0 | DD9: =SUM('Баллы без населения'!KV62:LL62) -> 0 | DE9: =SUM('Баллы без населения'!KV62:KY62) -> 0 | DF9: =SUM('Баллы без населения'!KZ62:LG62) -> 0 | DG9: =SUM('Баллы без населения'!KZ62:LB62) -> 0 | DH9: =SUM('Баллы без населения'!LD62:LF62) -> 0 | DI9: =SUM('Баллы без населения'!KX62:KY62,'Баллы без населения'!LB62:LC62,'Баллы без населения'!LF62:LG62) -> 0 | DJ9: =SUM('Баллы без населения'!KX62:KY62) -> 0 | DK9: =SUM('Баллы без населения'!LB62:LC62,'Баллы без населения'!LF62:LG62) -> 0 | DL9: =SUM('Баллы без населения'!LC62,'Баллы без населения'!LG62) -> 0 | DM9: =SUM('Баллы без населения'!LH62:LL62) -> 0 | DN9: =SUM('Баллы без населения'!PY62:QJ62) -> 0 | DO9: =SUM('Баллы без населения'!PZ62,'Баллы без населения'!QB62:QJ62) -> 0 | DP9: =SUM('Баллы без населения'!QE62:QJ62) -> 0 | DQ9: =SUM('Баллы без населения'!QE62:QG62) -> 0 | DR9: =SUM('Баллы без населения'!QH62:QJ62) -> 0 | DS9: =SUM('Баллы без населения'!QK62:QP62) -> #REF! | DT9: =SUM('Баллы без населения'!QL62:QM62,'Баллы без населения'!QP62) -> 0 | DU9: =SUM('Баллы без населения'!QN62) -> 0 | DV9: =SUM('Баллы без населения'!QQ62:QX62) -> 0 | DW9: =SUM('Баллы без населения'!QQ62:QR62) -> 0 | DX9: =SUM('Баллы без населения'!QS62:QX62) -> 0
A10: 7 | B10: ='Тест ответы'!B37 -> Краснодарский край | C10: 1 | D10: ='Баллы без населения'!D36 -> #REF! | E10: =SUMIF('Баллы без населения'!$E$3:DX$3,"муж",'Баллы без населения'!E36:DX36) -> #REF! | F10: =SUMIF('Баллы без населения'!$E$3:DX$3,"жен",'Баллы без населения'!E36:DX36) -> #REF! | G10: =SUM('Баллы без населения'!Z36:DK36,'Баллы без населения'!DP36:KE36,'Баллы без населения'!KV36:LL36) -> #REF! | H10: =SUM('Баллы без населения'!LM36:PB36,'Баллы без населения'!PY36:QJ36) -> 0 | I10: =SUM('Баллы без населения'!AZ36:BO36,'Баллы без населения'!DR36:DX36,'Баллы без населения'!FL36:FO36,'Баллы без населения'!GB36:GE36,'Баллы без населения'!GX36:HE36,'Баллы без населения'!IF36:IK36,'Баллы без населения'!IZ36:JG36,'Баллы без населения'!LU36:MG36,'Баллы без населения'!NW36:NZ36,'Баллы без населения'!OM36:OP36) -> 0 | J10: =SUM('Баллы без населения'!BP36:DK36,'Баллы без населения'!DY36:FK36,'Баллы без населения'!FP36:GA36,'Баллы без населения'!GF36:GQ36,'Баллы без населения'!HF36:HW36,'Баллы без населения'!IL36:IW36,'Баллы без населения'!JH36:KE36,'Баллы без населения'!MH36:NV36,'Баллы без населения'!OA36:OL36,'Баллы без населения'!OQ36:PB36) -> 0 | K10: =SUM('Баллы без населения'!E36:R36) -> 0.0455 | L10: =SUM('Баллы без населения'!O36:R36) -> 0.04 | M10: =SUM('Баллы без населения'!S36:Y36) -> 0.1 | N10: =SUM('Баллы без населения'!T36:Y36) -> 0 | O10: =SUM('Баллы без населения'!Z36:AQ36,'Баллы без населения'!LM36:LT36) -> 0 | P10: =SUMIF('Баллы без населения'!$Z$3:$AQ$3,"муж",'Баллы без населения'!Z36:AQ36)+SUMIF('Баллы без населения'!$LM$3:$LT$3,"муж",'Баллы без населения'!LM36:LT36) -> 0 | Q10: =SUMIF('Баллы без населения'!$Z$3:$AQ$3,"жен",'Баллы без населения'!Z36:AQ36)+SUMIF('Баллы без населения'!$LM$3:$LT$3,"жен",'Баллы без населения'!LM36:LT36) -> 0 | R10: =SUM('Баллы без населения'!Z36:AQ36) -> 0 | S10: =SUM('Баллы без населения'!Z36:AH36) -> 0 | T10: =SUM('Баллы без населения'!AI36:AQ36) -> 0 | U10: =SUM('Баллы без населения'!LM36:LT36) -> 0 | V10: =SUM('Баллы без населения'!LM36:LP36) -> 0 | W10: =SUM('Баллы без населения'!LQ36:LT36) -> 0 | X10: =SUM('Баллы без населения'!AR36:DK36,'Баллы без населения'!LU36:NI36) -> 0 | Y10: ='Баллы без населения'!AR36+SUM('Баллы без населения'!AZ36:BH36)+SUM('Баллы без населения'!BP36:CP36)+SUM('Баллы без населения'!LU36:MC36,'Баллы без населения'!MH36:NI36) -> 0 | Z10: ='Баллы без населения'!AS36+SUM('Баллы без населения'!BI36:BO36)+SUM('Баллы без населения'!CQ36:DK36)+SUM('Баллы без населения'!MD36:MG36,'Баллы без населения'!NJ36:NV36,) -> 0 | AA10: =SUM('Баллы без населения'!AR36:DK36) -> 0 | AB10: =SUM('Баллы без населения'!AT36:AY36) -> 0 | AC10: ='Баллы без населения'!AR36+SUM('Баллы без населения'!AZ36:BH36)+SUM('Баллы без населения'!BP36:CP36) -> 0 | AD10: ='Баллы без населения'!AS36+SUM('Баллы без населения'!BI36:BO36)+SUM('Баллы без населения'!CQ36:DK36) -> 0 | AE10: =SUM('Баллы без населения'!AZ36:BO36) -> 0 | AF10: =SUM('Баллы без населения'!AZ36:BH36) -> 0 | AG10: =SUM('Баллы без населения'!BI36:BO36) -> 0 | AH10: =SUM('Баллы без населения'!BP36:DK36) -> 0 | AI10: =SUM('Баллы без населения'!BP36:CP36) -> 0 | AJ10: =SUM('Баллы без населения'!CQ36:DK36) -> 0 | AK10: =SUM('Баллы без населения'!LU36:NV36) -> 0 | AL10: =SUM('Баллы без населения'!LU36:MC36,'Баллы без населения'!MH36:NI36) -> 0 | AM10: =SUM('Баллы без населения'!MD36:MG36,'Баллы без населения'!NJ36:NV36,) -> 0 | AN10: =SUM('Баллы без населения'!LU36:MG36) -> 0 | AO10: =SUM('Баллы без населения'!LU36:MC36) -> 0 | AP10: =SUM('Баллы без населения'!MD36:MG36) -> 0 | AQ10: =SUM('Баллы без населения'!MH36:NV36) -> 0 | AR10: =SUM('Баллы без населения'!MH36:NI36) -> 0 | AS10: =SUM('Баллы без населения'!NJ36:NV36) -> 0 | AT10: =SUM('Баллы без населения'!DR36:FK36,'Баллы без населения'!NW36:OL36) -> 0 | AU10: =SUM('Баллы без населения'!DL36:FK36) -> #REF! | AV10: =SUM('Баллы без населения'!DL36:DQ36) -> #REF! | AW10: =SUM('Баллы без населения'!DR36:DU36)+SUM('Баллы без населения'!DY36:ES36) -> 0 | AX10: =SUM('Баллы без населения'!DV36:DX36)+SUM('Баллы без населения'!ET36:FK36) -> 0 | AY10: =SUM('Баллы без населения'!DR36:DX36) -> 0 | AZ10: =SUM('Баллы без населения'!DR36:DU36) -> 0 | BA10: =SUM('Баллы без населения'!DV36:DX36) -> 0 | BB10: =SUM('Баллы без населения'!DY36:FK36) -> 0 | BC10: =SUM('Баллы без населения'!DY36:ES36) -> 0 | BD10: =SUM('Баллы без населения'!ET36:FK36) -> 0 | BE10: =SUM('Баллы без населения'!NW36:OL36) -> 0 | BF10: =SUMIF('Баллы без населения'!NW34:OL34,"муж",'Баллы без населения'!NW36:OL36) -> 0 | BG10: =SUMIF('Баллы без населения'!NW34:OL34,"жен",'Баллы без населения'!NW36:OL36) -> 0 | BH10: =SUM('Баллы без населения'!NW36:NZ36) -> 0 | BI10: =SUMIF('Баллы без населения'!NW34:NZ34,"муж",'Баллы без населения'!NW36:NZ36) -> 0 | BJ10: =SUMIF('Баллы без населения'!NW34:NZ34,";ty",'Баллы без населения'!NW36:NZ36) -> 0 | BK10: =SUM('Баллы без населения'!OA36:OL36) -> 0 | BL10: =SUMIF('Баллы без населения'!OA34:OL34,"муж",'Баллы без населения'!OA36:OL36) -> 0 | BM10: =SUMIF('Баллы без населения'!OA34:OL34,"муж",'Баллы без населения'!OA36:OL36) -> 0 | BN10: =SUM('Баллы без населения'!FL36:KE36,'Баллы'!OM36:PB36) -> #REF! | BO10: =SUM('Баллы без населения'!FL36:KE36) -> #REF! | BP10: =SUM('Баллы без населения'!FL36:FM36,'Баллы без населения'!FP36:FU36,'Баллы без населения'!GB36:GC36,'Баллы без населения'!GF36:GK36,'Баллы без населения'!GR36:GT36,'Баллы без населения'!GX36:HA36,'Баллы без населения'!HF36:HN36,'Баллы без населения'!HX36,'Баллы без населения'!HZ36:IB36,'Баллы без населения'!IX36,'Баллы без населения'!IF36:IH36,'Баллы без населения'!IL36:IQ36,'Баллы без населения'!IZ36:JE36,'Баллы без населения'!JH36:JY36,) -> #REF! | BQ10: =SUM('Баллы без населения'!FN36:FO36,'Баллы без населения'!FV36:GA36,'Баллы без населения'!GD36:GE36,'Баллы без населения'!GL36:GQ36,'Баллы без населения'!GU36:GW36,'Баллы без населения'!HB36:HE36,'Баллы без населения'!HO36:HW36,'Баллы без населения'!HY36,'Баллы без населения'!IC36:IE36,'Баллы без населения'!II36:IK36,'Баллы без населения'!IR36:IW36,'Баллы без населения'!IY36,'Баллы без населения'!JF36:JG36,'Баллы без населения'!JZ36:KE36) -> #REF! | BR10: =SUM('Баллы без населения'!FL36:FO36,'Баллы без населения'!GB36:GE36,'Баллы без населения'!GX36:HE36,'Баллы без населения'!IF36:IK36,'Баллы без населения'!IZ36:JG36) -> 0 | BS10: =SUM('Баллы без населения'!FL36:FM36,'Баллы без населения'!GB36:GC36,'Баллы без населения'!GX36:HA36,'Баллы без населения'!IZ36:JE36) -> 0 | BT10: =SUM('Баллы без населения'!FN36:FO36,'Баллы без населения'!GD36:GE36,'Баллы без населения'!HB36:HE36,'Баллы без населения'!II36:IK36,'Баллы без населения'!JF36:JG36) -> 0 | BU10: =SUM('Баллы без населения'!FP36:GA36,'Баллы без населения'!GF36:GQ36,'Баллы без населения'!HF36:HW36,'Баллы без населения'!IL36:IW36,'Баллы без населения'!JH36:KE36) -> 0 | BV10: =SUM('Баллы без населения'!FP36:FU36,'Баллы без населения'!GF36:GK36,'Баллы без населения'!HF36:HN36,'Баллы без населения'!IL36:IQ36,'Баллы без населения'!JH36:JY36) -> 0 | BW10: =SUM('Баллы без населения'!FV36:GA36,'Баллы без населения'!GL36:GQ36,'Баллы без населения'!HO36:HW36,'Баллы без населения'!IL36:IW36,'Баллы без населения'!JZ36:KE36) -> 0 | BX10: =SUM('Баллы без населения'!FL36:GA36) -> 0 | BY10: =SUM('Баллы без населения'!FL36:FM36,'Баллы без населения'!FP36:FU36) -> 0 | BZ10: =SUM('Баллы без населения'!FN36:FO36,'Баллы без населения'!FV36:GA36) -> 0 | CA10: =SUM('Баллы без населения'!GB36:GQ36) -> 0 | CB10: =SUM('Баллы без населения'!GB36:GC36,'Баллы без населения'!GF36:GK36) -> 0 | CC10: =SUM('Баллы без населения'!GD36:GE36,'Баллы без населения'!GL36:GQ36) -> 0 | CD10: =SUM('Баллы без населения'!GR36:HY36) -> #REF! | CE10: =SUM('Баллы без населения'!GR36:GT36,'Баллы без населения'!GX36:HA36,'Баллы без населения'!HF36:HN36,'Баллы без населения'!HX36) -> #REF! | CF10: =SUM('Баллы без населения'!GU36:GW36,'Баллы без населения'!HB36:HE36,'Баллы без населения'!HO36:HW36,'Баллы без населения'!HY36) -> #REF! | CG10: =SUM('Баллы без населения'!HZ36:IY36) -> 0 | CH10: =SUM('Баллы без населения'!HZ36:IB36,'Баллы без населения'!IF36:IH36,'Баллы без населения'!IL36:IQ36,'Баллы без населения'!IX36) -> 0 | CI10: =SUM('Баллы без населения'!IC36:IE36,'Баллы без населения'!II36:IK36,'Баллы без населения'!IR36:IW36,'Баллы без населения'!IY36) -> 0 | CJ10: =SUM('Баллы без населения'!IZ36:KE36,) -> 0 | CK10: =SUM('Баллы без населения'!IZ36:JE36,'Баллы без населения'!JH36:JY36) -> 0 | CL10: =SUM('Баллы без населения'!JF36:JG36,'Баллы без населения'!JZ36:KE36) -> 0 | CM10: =SUM('Баллы без населения'!OM36:PB36) -> 0 | CN10: =SUMIF('Баллы без населения'!OM34:PB34,"муж",'Баллы без населения'!OM36:PB36) -> 0 | CO10: =SUMIF('Баллы без населения'!OM34:PB34,"жен",'Баллы без населения'!OM36:PB36) -> 0 | CP10: =SUM('Баллы без населения'!OM36:OP36) -> 0 | CQ10: =SUMIF('Баллы без населения'!OM34:OP34,"муж",'Баллы без населения'!OM36:OP36) -> 0 | CR10: =SUMIF('Баллы без населения'!OM34:OP34,"жен",'Баллы без населения'!OM36:OP36) -> 0 | CS10: =SUM('Баллы без населения'!OQ36:PB36) -> 0 | CT10: =SUMIF('Баллы без населения'!OQ34:PB34,"муж",'Баллы без населения'!OQ36:PB36) -> 0 | CU10: =SUMIF('Баллы без населения'!OQ34:PB34,"жен",'Баллы без населения'!OQ36:PB36) -> 0 | CV10: =SUM('Баллы'!KF36:KU36,'Баллы'!PC36:PX36) -> 0 | CW10: =SUM('Баллы без населения'!KF36:KU36) -> 0 | CX10: =SUM('Баллы без населения'!PC36:PX36) -> 0 | CY10: =SUM('Баллы без населения'!KV36:LL36,'Баллы без населения'!PZ36:QJ36) -> 0 | CZ10: =SUM('Баллы без населения'!KZ36:LB36,'Баллы без населения'!PZ36:QJ36) -> 0 | DA10: =SUM('Баллы без населения'!KX36:KY36,'Баллы без населения'!LB36:LC36,'Баллы без населения'!LF36:LG36,'Баллы без населения'!QE36:QJ36) -> 0 | DB10: =SUM('Баллы без населения'!KX36:KY36,'Баллы без населения'!LB36:LC36,'Баллы без населения'!LF36:LG36,'Баллы без населения'!QE36:QG36) -> 0 | DC10: =SUM('Баллы без населения'!LC36,'Баллы без населения'!LG36,'Баллы без населения'!QH36:QJ36) -> 0 | DD10: =SUM('Баллы без населения'!KV36:LL36) -> 0 | DE10: =SUM('Баллы без населения'!KV36:KY36) -> 0 | DF10: =SUM('Баллы без населения'!KZ36:LG36) -> 0 | DG10: =SUM('Баллы без населения'!KZ36:LB36) -> 0 | DH10: =SUM('Баллы без населения'!LD36:LF36) -> 0 | DI10: =SUM('Баллы без населения'!KX36:KY36,'Баллы без населения'!LB36:LC36,'Баллы без населения'!LF36:LG36) -> 0 | DJ10: =SUM('Баллы без населения'!KX36:KY36) -> 0 | DK10: =SUM('Баллы без населения'!LB36:LC36,'Баллы без населения'!LF36:LG36) -> 0 | DL10: =SUM('Баллы без населения'!LC36,'Баллы без населения'!LG36) -> 0 | DM10: =SUM('Баллы без населения'!LH36:LL36) -> 0 | DN10: =SUM('Баллы без населения'!PY36:QJ36) -> 0 | DO10: =SUM('Баллы без населения'!PZ36,'Баллы без населения'!QB36:QJ36) -> 0 | DP10: =SUM('Баллы без населения'!QE36:QJ36) -> 0 | DQ10: =SUM('Баллы без населения'!QE36:QG36) -> 0 | DR10: =SUM('Баллы без населения'!QH36:QJ36) -> 0 | DS10: =SUM('Баллы без населения'!QK36:QP36) -> #REF! | DT10: =SUM('Баллы без населения'!QL36:QM36,'Баллы без населения'!QP36) -> 0 | DU10: =SUM('Баллы без населения'!QN36) -> 0 | DV10: =SUM('Баллы без населения'!QQ36:QX36) -> 0 | DW10: =SUM('Баллы без населения'!QQ36:QR36) -> 0 | DX10: =SUM('Баллы без населения'!QS36:QX36) -> 0
A11: 8 | B11: ='Тест ответы'!B41 -> Курская область | C11: 1 | D11: ='Баллы без населения'!D40 -> #REF! | E11: =SUMIF('Баллы без населения'!$E$3:DX$3,"муж",'Баллы без населения'!E40:DX40) -> #REF! | F11: =SUMIF('Баллы без населения'!$E$3:DX$3,"жен",'Баллы без населения'!E40:DX40) -> #REF! | G11: =SUM('Баллы без населения'!Z40:DK40,'Баллы без населения'!DP40:KE40,'Баллы без населения'!KV40:LL40) -> #REF! | H11: =SUM('Баллы без населения'!LM40:PB40,'Баллы без населения'!PY40:QJ40) -> 0 | I11: =SUM('Баллы без населения'!AZ40:BO40,'Баллы без населения'!DR40:DX40,'Баллы без населения'!FL40:FO40,'Баллы без населения'!GB40:GE40,'Баллы без населения'!GX40:HE40,'Баллы без населения'!IF40:IK40,'Баллы без населения'!IZ40:JG40,'Баллы без населения'!LU40:MG40,'Баллы без населения'!NW40:NZ40,'Баллы без населения'!OM40:OP40) -> 0 | J11: =SUM('Баллы без населения'!BP40:DK40,'Баллы без населения'!DY40:FK40,'Баллы без населения'!FP40:GA40,'Баллы без населения'!GF40:GQ40,'Баллы без населения'!HF40:HW40,'Баллы без населения'!IL40:IW40,'Баллы без населения'!JH40:KE40,'Баллы без населения'!MH40:NV40,'Баллы без населения'!OA40:OL40,'Баллы без населения'!OQ40:PB40) -> 0 | K11: =SUM('Баллы без населения'!E40:R40) -> 0.0705 | L11: =SUM('Баллы без населения'!O40:R40) -> 0.04 | M11: =SUM('Баллы без населения'!S40:Y40) -> 0.1 | N11: =SUM('Баллы без населения'!T40:Y40) -> 0 | O11: =SUM('Баллы без населения'!Z40:AQ40,'Баллы без населения'!LM40:LT40) -> 0 | P11: =SUMIF('Баллы без населения'!$Z$3:$AQ$3,"муж",'Баллы без населения'!Z40:AQ40)+SUMIF('Баллы без населения'!$LM$3:$LT$3,"муж",'Баллы без населения'!LM40:LT40) -> 0 | Q11: =SUMIF('Баллы без населения'!$Z$3:$AQ$3,"жен",'Баллы без населения'!Z40:AQ40)+SUMIF('Баллы без населения'!$LM$3:$LT$3,"жен",'Баллы без населения'!LM40:LT40) -> 0 | R11: =SUM('Баллы без населения'!Z40:AQ40) -> 0 | S11: =SUM('Баллы без населения'!Z40:AH40) -> 0 | T11: =SUM('Баллы без населения'!AI40:AQ40) -> 0 | U11: =SUM('Баллы без населения'!LM40:LT40) -> 0 | V11: =SUM('Баллы без населения'!LM40:LP40) -> 0 | W11: =SUM('Баллы без населения'!LQ40:LT40) -> 0 | X11: =SUM('Баллы без населения'!AR40:DK40,'Баллы без населения'!LU40:NI40) -> 0 | Y11: ='Баллы без населения'!AR40+SUM('Баллы без населения'!AZ40:BH40)+SUM('Баллы без населения'!BP40:CP40)+SUM('Баллы без населения'!LU40:MC40,'Баллы без населения'!MH40:NI40) -> 0 | Z11: ='Баллы без населения'!AS40+SUM('Баллы без населения'!BI40:BO40)+SUM('Баллы без населения'!CQ40:DK40)+SUM('Баллы без населения'!MD40:MG40,'Баллы без населения'!NJ40:NV40,) -> 0 | AA11: =SUM('Баллы без населения'!AR40:DK40) -> 0 | AB11: =SUM('Баллы без населения'!AT40:AY40) -> 0 | AC11: ='Баллы без населения'!AR40+SUM('Баллы без населения'!AZ40:BH40)+SUM('Баллы без населения'!BP40:CP40) -> 0 | AD11: ='Баллы без населения'!AS40+SUM('Баллы без населения'!BI40:BO40)+SUM('Баллы без населения'!CQ40:DK40) -> 0 | AE11: =SUM('Баллы без населения'!AZ40:BO40) -> 0 | AF11: =SUM('Баллы без населения'!AZ40:BH40) -> 0 | AG11: =SUM('Баллы без населения'!BI40:BO40) -> 0 | AH11: =SUM('Баллы без населения'!BP40:DK40) -> 0 | AI11: =SUM('Баллы без населения'!BP40:CP40) -> 0 | AJ11: =SUM('Баллы без населения'!CQ40:DK40) -> 0 | AK11: =SUM('Баллы без населения'!LU40:NV40) -> 0 | AL11: =SUM('Баллы без населения'!LU40:MC40,'Баллы без населения'!MH40:NI40) -> 0 | AM11: =SUM('Баллы без населения'!MD40:MG40,'Баллы без населения'!NJ40:NV40,) -> 0 | AN11: =SUM('Баллы без населения'!LU40:MG40) -> 0 | AO11: =SUM('Баллы без населения'!LU40:MC40) -> 0 | AP11: =SUM('Баллы без населения'!MD40:MG40) -> 0 | AQ11: =SUM('Баллы без населения'!MH40:NV40) -> 0 | AR11: =SUM('Баллы без населения'!MH40:NI40) -> 0 | AS11: =SUM('Баллы без населения'!NJ40:NV40) -> 0 | AT11: =SUM('Баллы без населения'!DR40:FK40,'Баллы без населения'!NW40:OL40) -> 0 | AU11: =SUM('Баллы без населения'!DL40:FK40) -> #REF! | AV11: =SUM('Баллы без населения'!DL40:DQ40) -> #REF! | AW11: =SUM('Баллы без населения'!DR40:DU40)+SUM('Баллы без населения'!DY40:ES40) -> 0 | AX11: =SUM('Баллы без населения'!DV40:DX40)+SUM('Баллы без населения'!ET40:FK40) -> 0 | AY11: =SUM('Баллы без населения'!DR40:DX40) -> 0 | AZ11: =SUM('Баллы без населения'!DR40:DU40) -> 0 | BA11: =SUM('Баллы без населения'!DV40:DX40) -> 0 | BB11: =SUM('Баллы без населения'!DY40:FK40) -> 0 | BC11: =SUM('Баллы без населения'!DY40:ES40) -> 0 | BD11: =SUM('Баллы без населения'!ET40:FK40) -> 0 | BE11: =SUM('Баллы без населения'!NW40:OL40) -> 0 | BF11: =SUMIF('Баллы без населения'!NW38:OL38,"муж",'Баллы без населения'!NW40:OL40) -> 0 | BG11: =SUMIF('Баллы без населения'!NW38:OL38,"жен",'Баллы без населения'!NW40:OL40) -> 0 | BH11: =SUM('Баллы без населения'!NW40:NZ40) -> 0 | BI11: =SUMIF('Баллы без населения'!NW38:NZ38,"муж",'Баллы без населения'!NW40:NZ40) -> 0 | BJ11: =SUMIF('Баллы без населения'!NW38:NZ38,";ty",'Баллы без населения'!NW40:NZ40) -> 0 | BK11: =SUM('Баллы без населения'!OA40:OL40) -> 0 | BL11: =SUMIF('Баллы без населения'!OA38:OL38,"муж",'Баллы без населения'!OA40:OL40) -> 0 | BM11: =SUMIF('Баллы без населения'!OA38:OL38,"муж",'Баллы без населения'!OA40:OL40) -> 0 | BN11: =SUM('Баллы без населения'!FL40:KE40,'Баллы'!OM40:PB40) -> #REF! | BO11: =SUM('Баллы без населения'!FL40:KE40) -> #REF! | BP11: =SUM('Баллы без населения'!FL40:FM40,'Баллы без населения'!FP40:FU40,'Баллы без населения'!GB40:GC40,'Баллы без населения'!GF40:GK40,'Баллы без населения'!GR40:GT40,'Баллы без населения'!GX40:HA40,'Баллы без населения'!HF40:HN40,'Баллы без населения'!HX40,'Баллы без населения'!HZ40:IB40,'Баллы без населения'!IX40,'Баллы без населения'!IF40:IH40,'Баллы без населения'!IL40:IQ40,'Баллы без населения'!IZ40:JE40,'Баллы без населения'!JH40:JY40,) -> #REF! | BQ11: =SUM('Баллы без населения'!FN40:FO40,'Баллы без населения'!FV40:GA40,'Баллы без населения'!GD40:GE40,'Баллы без населения'!GL40:GQ40,'Баллы без населения'!GU40:GW40,'Баллы без населения'!HB40:HE40,'Баллы без населения'!HO40:HW40,'Баллы без населения'!HY40,'Баллы без населения'!IC40:IE40,'Баллы без населения'!II40:IK40,'Баллы без населения'!IR40:IW40,'Баллы без населения'!IY40,'Баллы без населения'!JF40:JG40,'Баллы без населения'!JZ40:KE40) -> #REF! | BR11: =SUM('Баллы без населения'!FL40:FO40,'Баллы без населения'!GB40:GE40,'Баллы без населения'!GX40:HE40,'Баллы без населения'!IF40:IK40,'Баллы без населения'!IZ40:JG40) -> 0 | BS11: =SUM('Баллы без населения'!FL40:FM40,'Баллы без населения'!GB40:GC40,'Баллы без населения'!GX40:HA40,'Баллы без населения'!IZ40:JE40) -> 0 | BT11: =SUM('Баллы без населения'!FN40:FO40,'Баллы без населения'!GD40:GE40,'Баллы без населения'!HB40:HE40,'Баллы без населения'!II40:IK40,'Баллы без населения'!JF40:JG40) -> 0 | BU11: =SUM('Баллы без населения'!FP40:GA40,'Баллы без населения'!GF40:GQ40,'Баллы без населения'!HF40:HW40,'Баллы без населения'!IL40:IW40,'Баллы без населения'!JH40:KE40) -> 0 | BV11: =SUM('Баллы без населения'!FP40:FU40,'Баллы без населения'!GF40:GK40,'Баллы без населения'!HF40:HN40,'Баллы без населения'!IL40:IQ40,'Баллы без населения'!JH40:JY40) -> 0 | BW11: =SUM('Баллы без населения'!FV40:GA40,'Баллы без населения'!GL40:GQ40,'Баллы без населения'!HO40:HW40,'Баллы без населения'!IL40:IW40,'Баллы без населения'!JZ40:KE40) -> 0 | BX11: =SUM('Баллы без населения'!FL40:GA40) -> 0 | BY11: =SUM('Баллы без населения'!FL40:FM40,'Баллы без населения'!FP40:FU40) -> 0 | BZ11: =SUM('Баллы без населения'!FN40:FO40,'Баллы без населения'!FV40:GA40) -> 0 | CA11: =SUM('Баллы без населения'!GB40:GQ40) -> 0 | CB11: =SUM('Баллы без населения'!GB40:GC40,'Баллы без населения'!GF40:GK40) -> 0 | CC11: =SUM('Баллы без населения'!GD40:GE40,'Баллы без населения'!GL40:GQ40) -> 0 | CD11: =SUM('Баллы без населения'!GR40:HY40) -> #REF! | CE11: =SUM('Баллы без населения'!GR40:GT40,'Баллы без населения'!GX40:HA40,'Баллы без населения'!HF40:HN40,'Баллы без населения'!HX40) -> #REF! | CF11: =SUM('Баллы без населения'!GU40:GW40,'Баллы без населения'!HB40:HE40,'Баллы без населения'!HO40:HW40,'Баллы без населения'!HY40) -> #REF! | CG11: =SUM('Баллы без населения'!HZ40:IY40) -> 0 | CH11: =SUM('Баллы без населения'!HZ40:IB40,'Баллы без населения'!IF40:IH40,'Баллы без населения'!IL40:IQ40,'Баллы без населения'!IX40) -> 0 | CI11: =SUM('Баллы без населения'!IC40:IE40,'Баллы без населения'!II40:IK40,'Баллы без населения'!IR40:IW40,'Баллы без населения'!IY40) -> 0 | CJ11: =SUM('Баллы без населения'!IZ40:KE40,) -> 0 | CK11: =SUM('Баллы без населения'!IZ40:JE40,'Баллы без населения'!JH40:JY40) -> 0 | CL11: =SUM('Баллы без населения'!JF40:JG40,'Баллы без населения'!JZ40:KE40) -> 0 | CM11: =SUM('Баллы без населения'!OM40:PB40) -> 0 | CN11: =SUMIF('Баллы без населения'!OM38:PB38,"муж",'Баллы без населения'!OM40:PB40) -> 0 | CO11: =SUMIF('Баллы без населения'!OM38:PB38,"жен",'Баллы без населения'!OM40:PB40) -> 0 | CP11: =SUM('Баллы без населения'!OM40:OP40) -> 0 | CQ11: =SUMIF('Баллы без населения'!OM38:OP38,"муж",'Баллы без населения'!OM40:OP40) -> 0 | CR11: =SUMIF('Баллы без населения'!OM38:OP38,"жен",'Баллы без населения'!OM40:OP40) -> 0 | CS11: =SUM('Баллы без населения'!OQ40:PB40) -> 0 | CT11: =SUMIF('Баллы без населения'!OQ38:PB38,"муж",'Баллы без населения'!OQ40:PB40) -> 0 | CU11: =SUMIF('Баллы без населения'!OQ38:PB38,"жен",'Баллы без населения'!OQ40:PB40) -> 0 | CV11: =SUM('Баллы'!KF40:KU40,'Баллы'!PC40:PX40) -> 0 | CW11: =SUM('Баллы без населения'!KF40:KU40) -> 0 | CX11: =SUM('Баллы без населения'!PC40:PX40) -> 0 | CY11: =SUM('Баллы без населения'!KV40:LL40,'Баллы без населения'!PZ40:QJ40) -> 0 | CZ11: =SUM('Баллы без населения'!KZ40:LB40,'Баллы без населения'!PZ40:QJ40) -> 0 | DA11: =SUM('Баллы без населения'!KX40:KY40,'Баллы без населения'!LB40:LC40,'Баллы без населения'!LF40:LG40,'Баллы без населения'!QE40:QJ40) -> 0 | DB11: =SUM('Баллы без населения'!KX40:KY40,'Баллы без населения'!LB40:LC40,'Баллы без населения'!LF40:LG40,'Баллы без населения'!QE40:QG40) -> 0 | DC11: =SUM('Баллы без населения'!LC40,'Баллы без населения'!LG40,'Баллы без населения'!QH40:QJ40) -> 0 | DD11: =SUM('Баллы без населения'!KV40:LL40) -> 0 | DE11: =SUM('Баллы без населения'!KV40:KY40) -> 0 | DF11: =SUM('Баллы без населения'!KZ40:LG40) -> 0 | DG11: =SUM('Баллы без населения'!KZ40:LB40) -> 0 | DH11: =SUM('Баллы без населения'!LD40:LF40) -> 0 | DI11: =SUM('Баллы без населения'!KX40:KY40,'Баллы без населения'!LB40:LC40,'Баллы без населения'!LF40:LG40) -> 0 | DJ11: =SUM('Баллы без населения'!KX40:KY40) -> 0 | DK11: =SUM('Баллы без населения'!LB40:LC40,'Баллы без населения'!LF40:LG40) -> 0 | DL11: =SUM('Баллы без населения'!LC40,'Баллы без населения'!LG40) -> 0 | DM11: =SUM('Баллы без населения'!LH40:LL40) -> 0 | DN11: =SUM('Баллы без населения'!PY40:QJ40) -> 0 | DO11: =SUM('Баллы без населения'!PZ40,'Баллы без населения'!QB40:QJ40) -> 0 | DP11: =SUM('Баллы без населения'!QE40:QJ40) -> 0 | DQ11: =SUM('Баллы без населения'!QE40:QG40) -> 0 | DR11: =SUM('Баллы без населения'!QH40:QJ40) -> 0 | DS11: =SUM('Баллы без населения'!QK40:QP40) -> #REF! | DT11: =SUM('Баллы без населения'!QL40:QM40,'Баллы без населения'!QP40) -> 0 | DU11: =SUM('Баллы без населения'!QN40) -> 0 | DV11: =SUM('Баллы без населения'!QQ40:QX40) -> 0 | DW11: =SUM('Баллы без населения'!QQ40:QR40) -> 0 | DX11: =SUM('Баллы без населения'!QS40:QX40) -> 0
A12: 9 | B12: ='Тест ответы'!B74 -> Татарстан республика | C12: 1 | D12: ='Баллы без населения'!D73 -> #REF! | E12: =SUMIF('Баллы без населения'!$E$3:DX$3,"муж",'Баллы без населения'!E73:DX73) -> #REF! | F12: =SUMIF('Баллы без населения'!$E$3:DX$3,"жен",'Баллы без населения'!E73:DX73) -> #REF! | G12: =SUM('Баллы без населения'!Z73:DK73,'Баллы без населения'!DP73:KE73,'Баллы без населения'!KV73:LL73) -> #REF! | H12: =SUM('Баллы без населения'!LM73:PB73,'Баллы без населения'!PY73:QJ73) -> 0 | I12: =SUM('Баллы без населения'!AZ73:BO73,'Баллы без населения'!DR73:DX73,'Баллы без населения'!FL73:FO73,'Баллы без населения'!GB73:GE73,'Баллы без населения'!GX73:HE73,'Баллы без населения'!IF73:IK73,'Баллы без населения'!IZ73:JG73,'Баллы без населения'!LU73:MG73,'Баллы без населения'!NW73:NZ73,'Баллы без населения'!OM73:OP73) -> 0 | J12: =SUM('Баллы без населения'!BP73:DK73,'Баллы без населения'!DY73:FK73,'Баллы без населения'!FP73:GA73,'Баллы без населения'!GF73:GQ73,'Баллы без населения'!HF73:HW73,'Баллы без населения'!IL73:IW73,'Баллы без населения'!JH73:KE73,'Баллы без населения'!MH73:NV73,'Баллы без населения'!OA73:OL73,'Баллы без населения'!OQ73:PB73) -> 0 | K12: =SUM('Баллы без населения'!E73:R73) -> 0.0705 | L12: =SUM('Баллы без населения'!O73:R73) -> 0.04 | M12: =SUM('Баллы без населения'!S73:Y73) -> 0 | N12: =SUM('Баллы без населения'!T73:Y73) -> 0 | O12: =SUM('Баллы без населения'!Z73:AQ73,'Баллы без населения'!LM73:LT73) -> 0 | P12: =SUMIF('Баллы без населения'!$Z$3:$AQ$3,"муж",'Баллы без населения'!Z73:AQ73)+SUMIF('Баллы без населения'!$LM$3:$LT$3,"муж",'Баллы без населения'!LM73:LT73) -> 0 | Q12: =SUMIF('Баллы без населения'!$Z$3:$AQ$3,"жен",'Баллы без населения'!Z73:AQ73)+SUMIF('Баллы без населения'!$LM$3:$LT$3,"жен",'Баллы без населения'!LM73:LT73) -> 0 | R12: =SUM('Баллы без населения'!Z73:AQ73) -> 0 | S12: =SUM('Баллы без населения'!Z73:AH73) -> 0 | T12: =SUM('Баллы без населения'!AI73:AQ73) -> 0 | U12: =SUM('Баллы без населения'!LM73:LT73) -> 0 | V12: =SUM('Баллы без населения'!LM73:LP73) -> 0 | W12: =SUM('Баллы без населения'!LQ73:LT73) -> 0 | X12: =SUM('Баллы без населения'!AR73:DK73,'Баллы без населения'!LU73:NI73) -> 0 | Y12: ='Баллы без населения'!AR73+SUM('Баллы без населения'!AZ73:BH73)+SUM('Баллы без населения'!BP73:CP73)+SUM('Баллы без населения'!LU73:MC73,'Баллы без населения'!MH73:NI73) -> 0 | Z12: ='Баллы без населения'!AS73+SUM('Баллы без населения'!BI73:BO73)+SUM('Баллы без населения'!CQ73:DK73)+SUM('Баллы без населения'!MD73:MG73,'Баллы без населения'!NJ73:NV73,) -> 0 | AA12: =SUM('Баллы без населения'!AR73:DK73) -> 0 | AB12: =SUM('Баллы без населения'!AT73:AY73) -> 0 | AC12: ='Баллы без населения'!AR73+SUM('Баллы без населения'!AZ73:BH73)+SUM('Баллы без населения'!BP73:CP73) -> 0 | AD12: ='Баллы без населения'!AS73+SUM('Баллы без населения'!BI73:BO73)+SUM('Баллы без населения'!CQ73:DK73) -> 0 | AE12: =SUM('Баллы без населения'!AZ73:BO73) -> 0 | AF12: =SUM('Баллы без населения'!AZ73:BH73) -> 0 | AG12: =SUM('Баллы без населения'!BI73:BO73) -> 0 | AH12: =SUM('Баллы без населения'!BP73:DK73) -> 0 | AI12: =SUM('Баллы без населения'!BP73:CP73) -> 0 | AJ12: =SUM('Баллы без населения'!CQ73:DK73) -> 0 | AK12: =SUM('Баллы без населения'!LU73:NV73) -> 0 | AL12: =SUM('Баллы без населения'!LU73:MC73,'Баллы без населения'!MH73:NI73) -> 0 | AM12: =SUM('Баллы без населения'!MD73:MG73,'Баллы без населения'!NJ73:NV73,) -> 0 | AN12: =SUM('Баллы без населения'!LU73:MG73) -> 0 | AO12: =SUM('Баллы без населения'!LU73:MC73) -> 0 | AP12: =SUM('Баллы без населения'!MD73:MG73) -> 0 | AQ12: =SUM('Баллы без населения'!MH73:NV73) -> 0 | AR12: =SUM('Баллы без населения'!MH73:NI73) -> 0 | AS12: =SUM('Баллы без населения'!NJ73:NV73) -> 0 | AT12: =SUM('Баллы без населения'!DR73:FK73,'Баллы без населения'!NW73:OL73) -> 0 | AU12: =SUM('Баллы без населения'!DL73:FK73) -> #REF! | AV12: =SUM('Баллы без населения'!DL73:DQ73) -> #REF! | AW12: =SUM('Баллы без населения'!DR73:DU73)+SUM('Баллы без населения'!DY73:ES73) -> 0 | AX12: =SUM('Баллы без населения'!DV73:DX73)+SUM('Баллы без населения'!ET73:FK73) -> 0 | AY12: =SUM('Баллы без населения'!DR73:DX73) -> 0 | AZ12: =SUM('Баллы без населения'!DR73:DU73) -> 0 | BA12: =SUM('Баллы без населения'!DV73:DX73) -> 0 | BB12: =SUM('Баллы без населения'!DY73:FK73) -> 0 | BC12: =SUM('Баллы без населения'!DY73:ES73) -> 0 | BD12: =SUM('Баллы без населения'!ET73:FK73) -> 0 | BE12: =SUM('Баллы без населения'!NW73:OL73) -> 0 | BF12: =SUMIF('Баллы без населения'!NW71:OL71,"муж",'Баллы без населения'!NW73:OL73) -> 0 | BG12: =SUMIF('Баллы без населения'!NW71:OL71,"жен",'Баллы без населения'!NW73:OL73) -> 0 | BH12: =SUM('Баллы без населения'!NW73:NZ73) -> 0 | BI12: =SUMIF('Баллы без населения'!NW71:NZ71,"муж",'Баллы без населения'!NW73:NZ73) -> 0 | BJ12: =SUMIF('Баллы без населения'!NW71:NZ71,";ty",'Баллы без населения'!NW73:NZ73) -> 0 | BK12: =SUM('Баллы без населения'!OA73:OL73) -> 0 | BL12: =SUMIF('Баллы без населения'!OA71:OL71,"муж",'Баллы без населения'!OA73:OL73) -> 0 | BM12: =SUMIF('Баллы без населения'!OA71:OL71,"муж",'Баллы без населения'!OA73:OL73) -> 0 | BN12: =SUM('Баллы без населения'!FL73:KE73,'Баллы'!OM73:PB73) -> #REF! | BO12: =SUM('Баллы без населения'!FL73:KE73) -> #REF! | BP12: =SUM('Баллы без населения'!FL73:FM73,'Баллы без населения'!FP73:FU73,'Баллы без населения'!GB73:GC73,'Баллы без населения'!GF73:GK73,'Баллы без населения'!GR73:GT73,'Баллы без населения'!GX73:HA73,'Баллы без населения'!HF73:HN73,'Баллы без населения'!HX73,'Баллы без населения'!HZ73:IB73,'Баллы без населения'!IX73,'Баллы без населения'!IF73:IH73,'Баллы без населения'!IL73:IQ73,'Баллы без населения'!IZ73:JE73,'Баллы без населения'!JH73:JY73,) -> #REF! | BQ12: =SUM('Баллы без населения'!FN73:FO73,'Баллы без населения'!FV73:GA73,'Баллы без населения'!GD73:GE73,'Баллы без населения'!GL73:GQ73,'Баллы без населения'!GU73:GW73,'Баллы без населения'!HB73:HE73,'Баллы без населения'!HO73:HW73,'Баллы без населения'!HY73,'Баллы без населения'!IC73:IE73,'Баллы без населения'!II73:IK73,'Баллы без населения'!IR73:IW73,'Баллы без населения'!IY73,'Баллы без населения'!JF73:JG73,'Баллы без населения'!JZ73:KE73) -> #REF! | BR12: =SUM('Баллы без населения'!FL73:FO73,'Баллы без населения'!GB73:GE73,'Баллы без населения'!GX73:HE73,'Баллы без населения'!IF73:IK73,'Баллы без населения'!IZ73:JG73) -> 0 | BS12: =SUM('Баллы без населения'!FL73:FM73,'Баллы без населения'!GB73:GC73,'Баллы без населения'!GX73:HA73,'Баллы без населения'!IZ73:JE73) -> 0 | BT12: =SUM('Баллы без населения'!FN73:FO73,'Баллы без населения'!GD73:GE73,'Баллы без населения'!HB73:HE73,'Баллы без населения'!II73:IK73,'Баллы без населения'!JF73:JG73) -> 0 | BU12: =SUM('Баллы без населения'!FP73:GA73,'Баллы без населения'!GF73:GQ73,'Баллы без населения'!HF73:HW73,'Баллы без населения'!IL73:IW73,'Баллы без населения'!JH73:KE73) -> 0 | BV12: =SUM('Баллы без населения'!FP73:FU73,'Баллы без населения'!GF73:GK73,'Баллы без населения'!HF73:HN73,'Баллы без населения'!IL73:IQ73,'Баллы без населения'!JH73:JY73) -> 0 | BW12: =SUM('Баллы без населения'!FV73:GA73,'Баллы без населения'!GL73:GQ73,'Баллы без населения'!HO73:HW73,'Баллы без населения'!IL73:IW73,'Баллы без населения'!JZ73:KE73) -> 0 | BX12: =SUM('Баллы без населения'!FL73:GA73) -> 0 | BY12: =SUM('Баллы без населения'!FL73:FM73,'Баллы без населения'!FP73:FU73) -> 0 | BZ12: =SUM('Баллы без населения'!FN73:FO73,'Баллы без населения'!FV73:GA73) -> 0 | CA12: =SUM('Баллы без населения'!GB73:GQ73) -> 0 | CB12: =SUM('Баллы без населения'!GB73:GC73,'Баллы без населения'!GF73:GK73) -> 0 | CC12: =SUM('Баллы без населения'!GD73:GE73,'Баллы без населения'!GL73:GQ73) -> 0 | CD12: =SUM('Баллы без населения'!GR73:HY73) -> #REF! | CE12: =SUM('Баллы без населения'!GR73:GT73,'Баллы без населения'!GX73:HA73,'Баллы без населения'!HF73:HN73,'Баллы без населения'!HX73) -> #REF! | CF12: =SUM('Баллы без населения'!GU73:GW73,'Баллы без населения'!HB73:HE73,'Баллы без населения'!HO73:HW73,'Баллы без населения'!HY73) -> #REF! | CG12: =SUM('Баллы без населения'!HZ73:IY73) -> 0 | CH12: =SUM('Баллы без населения'!HZ73:IB73,'Баллы без населения'!IF73:IH73,'Баллы без населения'!IL73:IQ73,'Баллы без населения'!IX73) -> 0 | CI12: =SUM('Баллы без населения'!IC73:IE73,'Баллы без населения'!II73:IK73,'Баллы без населения'!IR73:IW73,'Баллы без населения'!IY73) -> 0 | CJ12: =SUM('Баллы без населения'!IZ73:KE73,) -> 0 | CK12: =SUM('Баллы без населения'!IZ73:JE73,'Баллы без населения'!JH73:JY73) -> 0 | CL12: =SUM('Баллы без населения'!JF73:JG73,'Баллы без населения'!JZ73:KE73) -> 0 | CM12: =SUM('Баллы без населения'!OM73:PB73) -> 0 | CN12: =SUMIF('Баллы без населения'!OM71:PB71,"муж",'Баллы без населения'!OM73:PB73) -> 0 | CO12: =SUMIF('Баллы без населения'!OM71:PB71,"жен",'Баллы без населения'!OM73:PB73) -> 0 | CP12: =SUM('Баллы без населения'!OM73:OP73) -> 0 | CQ12: =SUMIF('Баллы без населения'!OM71:OP71,"муж",'Баллы без населения'!OM73:OP73) -> 0 | CR12: =SUMIF('Баллы без населения'!OM71:OP71,"жен",'Баллы без населения'!OM73:OP73) -> 0 | CS12: =SUM('Баллы без населения'!OQ73:PB73) -> 0 | CT12: =SUMIF('Баллы без населения'!OQ71:PB71,"муж",'Баллы без населения'!OQ73:PB73) -> 0 | CU12: =SUMIF('Баллы без населения'!OQ71:PB71,"жен",'Баллы без населения'!OQ73:PB73) -> 0 | CV12: =SUM('Баллы'!KF73:KU73,'Баллы'!PC73:PX73) -> 0 | CW12: =SUM('Баллы без населения'!KF73:KU73) -> 0 | CX12: =SUM('Баллы без населения'!PC73:PX73) -> 0 | CY12: =SUM('Баллы без населения'!KV73:LL73,'Баллы без населения'!PZ73:QJ73) -> 0 | CZ12: =SUM('Баллы без населения'!KZ73:LB73,'Баллы без населения'!PZ73:QJ73) -> 0 | DA12: =SUM('Баллы без населения'!KX73:KY73,'Баллы без населения'!LB73:LC73,'Баллы без населения'!LF73:LG73,'Баллы без населения'!QE73:QJ73) -> 0 | DB12: =SUM('Баллы без населения'!KX73:KY73,'Баллы без населения'!LB73:LC73,'Баллы без населения'!LF73:LG73,'Баллы без населения'!QE73:QG73) -> 0 | DC12: =SUM('Баллы без населения'!LC73,'Баллы без населения'!LG73,'Баллы без населения'!QH73:QJ73) -> 0 | DD12: =SUM('Баллы без населения'!KV73:LL73) -> 0 | DE12: =SUM('Баллы без населения'!KV73:KY73) -> 0 | DF12: =SUM('Баллы без населения'!KZ73:LG73) -> 0 | DG12: =SUM('Баллы без населения'!KZ73:LB73) -> 0 | DH12: =SUM('Баллы без населения'!LD73:LF73) -> 0 | DI12: =SUM('Баллы без населения'!KX73:KY73,'Баллы без населения'!LB73:LC73,'Баллы без населения'!LF73:LG73) -> 0 | DJ12: =SUM('Баллы без населения'!KX73:KY73) -> 0 | DK12: =SUM('Баллы без населения'!LB73:LC73,'Баллы без населения'!LF73:LG73) -> 0 | DL12: =SUM('Баллы без населения'!LC73,'Баллы без населения'!LG73) -> 0 | DM12: =SUM('Баллы без населения'!LH73:LL73) -> 0 | DN12: =SUM('Баллы без населения'!PY73:QJ73) -> 0 | DO12: =SUM('Баллы без населения'!PZ73,'Баллы без населения'!QB73:QJ73) -> 0 | DP12: =SUM('Баллы без населения'!QE73:QJ73) -> 0 | DQ12: =SUM('Баллы без населения'!QE73:QG73) -> 0 | DR12: =SUM('Баллы без населения'!QH73:QJ73) -> 0 | DS12: =SUM('Баллы без населения'!QK73:QP73) -> #REF! | DT12: =SUM('Баллы без населения'!QL73:QM73,'Баллы без населения'!QP73) -> 0 | DU12: =SUM('Баллы без населения'!QN73) -> 0 | DV12: =SUM('Баллы без населения'!QQ73:QX73) -> 0 | DW12: =SUM('Баллы без населения'!QQ73:QR73) -> 0 | DX12: =SUM('Баллы без населения'!QS73:QX73) -> 0
A13: 10 | B13: ='Тест ответы'!B58 -> Пермский край | C13: 1 | D13: ='Баллы без населения'!D57 -> #REF! | E13: =SUMIF('Баллы без населения'!$E$3:DX$3,"муж",'Баллы без населения'!E57:DX57) -> #REF! | F13: =SUMIF('Баллы без населения'!$E$3:DX$3,"жен",'Баллы без населения'!E57:DX57) -> #REF! | G13: =SUM('Баллы без населения'!Z57:DK57,'Баллы без населения'!DP57:KE57,'Баллы без населения'!KV57:LL57) -> #REF! | H13: =SUM('Баллы без населения'!LM57:PB57,'Баллы без населения'!PY57:QJ57) -> 0 | I13: =SUM('Баллы без населения'!AZ57:BO57,'Баллы без населения'!DR57:DX57,'Баллы без населения'!FL57:FO57,'Баллы без населения'!GB57:GE57,'Баллы без населения'!GX57:HE57,'Баллы без населения'!IF57:IK57,'Баллы без населения'!IZ57:JG57,'Баллы без населения'!LU57:MG57,'Баллы без населения'!NW57:NZ57,'Баллы без населения'!OM57:OP57) -> 0 | J13: =SUM('Баллы без населения'!BP57:DK57,'Баллы без населения'!DY57:FK57,'Баллы без населения'!FP57:GA57,'Баллы без населения'!GF57:GQ57,'Баллы без населения'!HF57:HW57,'Баллы без населения'!IL57:IW57,'Баллы без населения'!JH57:KE57,'Баллы без населения'!MH57:NV57,'Баллы без населения'!OA57:OL57,'Баллы без населения'!OQ57:PB57) -> 0 | K13: =SUM('Баллы без населения'!E57:R57) -> 0.2255 | L13: =SUM('Баллы без населения'!O57:R57) -> 0.19 | M13: =SUM('Баллы без населения'!S57:Y57) -> 0.1 | N13: =SUM('Баллы без населения'!T57:Y57) -> 0 | O13: =SUM('Баллы без населения'!Z57:AQ57,'Баллы без населения'!LM57:LT57) -> 0 | P13: =SUMIF('Баллы без населения'!$Z$3:$AQ$3,"муж",'Баллы без населения'!Z57:AQ57)+SUMIF('Баллы без населения'!$LM$3:$LT$3,"муж",'Баллы без населения'!LM57:LT57) -> 0 | Q13: =SUMIF('Баллы без населения'!$Z$3:$AQ$3,"жен",'Баллы без населения'!Z57:AQ57)+SUMIF('Баллы без населения'!$LM$3:$LT$3,"жен",'Баллы без населения'!LM57:LT57) -> 0 | R13: =SUM('Баллы без населения'!Z57:AQ57) -> 0 | S13: =SUM('Баллы без населения'!Z57:AH57) -> 0 | T13: =SUM('Баллы без населения'!AI57:AQ57) -> 0 | U13: =SUM('Баллы без населения'!LM57:LT57) -> 0 | V13: =SUM('Баллы без населения'!LM57:LP57) -> 0 | W13: =SUM('Баллы без населения'!LQ57:LT57) -> 0 | X13: =SUM('Баллы без населения'!AR57:DK57,'Баллы без населения'!LU57:NI57) -> 0 | Y13: ='Баллы без населения'!AR57+SUM('Баллы без населения'!AZ57:BH57)+SUM('Баллы без населения'!BP57:CP57)+SUM('Баллы без населения'!LU57:MC57,'Баллы без населения'!MH57:NI57) -> 0 | Z13: ='Баллы без населения'!AS57+SUM('Баллы без населения'!BI57:BO57)+SUM('Баллы без населения'!CQ57:DK57)+SUM('Баллы без населения'!MD57:MG57,'Баллы без населения'!NJ57:NV57,) -> 0 | AA13: =SUM('Баллы без населения'!AR57:DK57) -> 0 | AB13: =SUM('Баллы без населения'!AT57:AY57) -> 0 | AC13: ='Баллы без населения'!AR57+SUM('Баллы без населения'!AZ57:BH57)+SUM('Баллы без населения'!BP57:CP57) -> 0 | AD13: ='Баллы без населения'!AS57+SUM('Баллы без населения'!BI57:BO57)+SUM('Баллы без населения'!CQ57:DK57) -> 0 | AE13: =SUM('Баллы без населения'!AZ57:BO57) -> 0 | AF13: =SUM('Баллы без населения'!AZ57:BH57) -> 0 | AG13: =SUM('Баллы без населения'!BI57:BO57) -> 0 | AH13: =SUM('Баллы без населения'!BP57:DK57) -> 0 | AI13: =SUM('Баллы без населения'!BP57:CP57) -> 0 | AJ13: =SUM('Баллы без населения'!CQ57:DK57) -> 0 | AK13: =SUM('Баллы без населения'!LU57:NV57) -> 0 | AL13: =SUM('Баллы без населения'!LU57:MC57,'Баллы без населения'!MH57:NI57) -> 0 | AM13: =SUM('Баллы без населения'!MD57:MG57,'Баллы без населения'!NJ57:NV57,) -> 0 | AN13: =SUM('Баллы без населения'!LU57:MG57) -> 0 | AO13: =SUM('Баллы без населения'!LU57:MC57) -> 0 | AP13: =SUM('Баллы без населения'!MD57:MG57) -> 0 | AQ13: =SUM('Баллы без населения'!MH57:NV57) -> 0 | AR13: =SUM('Баллы без населения'!MH57:NI57) -> 0 | AS13: =SUM('Баллы без населения'!NJ57:NV57) -> 0 | AT13: =SUM('Баллы без населения'!DR57:FK57,'Баллы без населения'!NW57:OL57) -> 0 | AU13: =SUM('Баллы без населения'!DL57:FK57) -> #REF! | AV13: =SUM('Баллы без населения'!DL57:DQ57) -> #REF! | AW13: =SUM('Баллы без населения'!DR57:DU57)+SUM('Баллы без населения'!DY57:ES57) -> 0 | AX13: =SUM('Баллы без населения'!DV57:DX57)+SUM('Баллы без населения'!ET57:FK57) -> 0 | AY13: =SUM('Баллы без населения'!DR57:DX57) -> 0 | AZ13: =SUM('Баллы без населения'!DR57:DU57) -> 0 | BA13: =SUM('Баллы без населения'!DV57:DX57) -> 0 | BB13: =SUM('Баллы без населения'!DY57:FK57) -> 0 | BC13: =SUM('Баллы без населения'!DY57:ES57) -> 0 | BD13: =SUM('Баллы без населения'!ET57:FK57) -> 0 | BE13: =SUM('Баллы без населения'!NW57:OL57) -> 0 | BF13: =SUMIF('Баллы без населения'!NW55:OL55,"муж",'Баллы без населения'!NW57:OL57) -> 0 | BG13: =SUMIF('Баллы без населения'!NW55:OL55,"жен",'Баллы без населения'!NW57:OL57) -> 0 | BH13: =SUM('Баллы без населения'!NW57:NZ57) -> 0 | BI13: =SUMIF('Баллы без населения'!NW55:NZ55,"муж",'Баллы без населения'!NW57:NZ57) -> 0 | BJ13: =SUMIF('Баллы без населения'!NW55:NZ55,";ty",'Баллы без населения'!NW57:NZ57) -> 0 | BK13: =SUM('Баллы без населения'!OA57:OL57) -> 0 | BL13: =SUMIF('Баллы без населения'!OA55:OL55,"муж",'Баллы без населения'!OA57:OL57) -> 0 | BM13: =SUMIF('Баллы без населения'!OA55:OL55,"муж",'Баллы без населения'!OA57:OL57) -> 0 | BN13: =SUM('Баллы без населения'!FL57:KE57,'Баллы'!OM57:PB57) -> #REF! | BO13: =SUM('Баллы без населения'!FL57:KE57) -> #REF! | BP13: =SUM('Баллы без населения'!FL57:FM57,'Баллы без населения'!FP57:FU57,'Баллы без населения'!GB57:GC57,'Баллы без населения'!GF57:GK57,'Баллы без населения'!GR57:GT57,'Баллы без населения'!GX57:HA57,'Баллы без населения'!HF57:HN57,'Баллы без населения'!HX57,'Баллы без населения'!HZ57:IB57,'Баллы без населения'!IX57,'Баллы без населения'!IF57:IH57,'Баллы без населения'!IL57:IQ57,'Баллы без населения'!IZ57:JE57,'Баллы без населения'!JH57:JY57,) -> #REF! | BQ13: =SUM('Баллы без населения'!FN57:FO57,'Баллы без населения'!FV57:GA57,'Баллы без населения'!GD57:GE57,'Баллы без населения'!GL57:GQ57,'Баллы без населения'!GU57:GW57,'Баллы без населения'!HB57:HE57,'Баллы без населения'!HO57:HW57,'Баллы без населения'!HY57,'Баллы без населения'!IC57:IE57,'Баллы без населения'!II57:IK57,'Баллы без населения'!IR57:IW57,'Баллы без населения'!IY57,'Баллы без населения'!JF57:JG57,'Баллы без населения'!JZ57:KE57) -> #REF! | BR13: =SUM('Баллы без населения'!FL57:FO57,'Баллы без населения'!GB57:GE57,'Баллы без населения'!GX57:HE57,'Баллы без населения'!IF57:IK57,'Баллы без населения'!IZ57:JG57) -> 0 | BS13: =SUM('Баллы без населения'!FL57:FM57,'Баллы без населения'!GB57:GC57,'Баллы без населения'!GX57:HA57,'Баллы без населения'!IZ57:JE57) -> 0 | BT13: =SUM('Баллы без населения'!FN57:FO57,'Баллы без населения'!GD57:GE57,'Баллы без населения'!HB57:HE57,'Баллы без населения'!II57:IK57,'Баллы без населения'!JF57:JG57) -> 0 | BU13: =SUM('Баллы без населения'!FP57:GA57,'Баллы без населения'!GF57:GQ57,'Баллы без населения'!HF57:HW57,'Баллы без населения'!IL57:IW57,'Баллы без населения'!JH57:KE57) -> 0 | BV13: =SUM('Баллы без населения'!FP57:FU57,'Баллы без населения'!GF57:GK57,'Баллы без населения'!HF57:HN57,'Баллы без населения'!IL57:IQ57,'Баллы без населения'!JH57:JY57) -> 0 | BW13: =SUM('Баллы без населения'!FV57:GA57,'Баллы без населения'!GL57:GQ57,'Баллы без населения'!HO57:HW57,'Баллы без населения'!IL57:IW57,'Баллы без населения'!JZ57:KE57) -> 0 | BX13: =SUM('Баллы без населения'!FL57:GA57) -> 0 | BY13: =SUM('Баллы без населения'!FL57:FM57,'Баллы без населения'!FP57:FU57) -> 0 | BZ13: =SUM('Баллы без населения'!FN57:FO57,'Баллы без населения'!FV57:GA57) -> 0 | CA13: =SUM('Баллы без населения'!GB57:GQ57) -> 0 | CB13: =SUM('Баллы без населения'!GB57:GC57,'Баллы без населения'!GF57:GK57) -> 0 | CC13: =SUM('Баллы без населения'!GD57:GE57,'Баллы без населения'!GL57:GQ57) -> 0 | CD13: =SUM('Баллы без населения'!GR57:HY57) -> #REF! | CE13: =SUM('Баллы без населения'!GR57:GT57,'Баллы без населения'!GX57:HA57,'Баллы без населения'!HF57:HN57,'Баллы без населения'!HX57) -> #REF! | CF13: =SUM('Баллы без населения'!GU57:GW57,'Баллы без населения'!HB57:HE57,'Баллы без населения'!HO57:HW57,'Баллы без населения'!HY57) -> #REF! | CG13: =SUM('Баллы без населения'!HZ57:IY57) -> 0 | CH13: =SUM('Баллы без населения'!HZ57:IB57,'Баллы без населения'!IF57:IH57,'Баллы без населения'!IL57:IQ57,'Баллы без населения'!IX57) -> 0 | CI13: =SUM('Баллы без населения'!IC57:IE57,'Баллы без населения'!II57:IK57,'Баллы без населения'!IR57:IW57,'Баллы без населения'!IY57) -> 0 | CJ13: =SUM('Баллы без населения'!IZ57:KE57,) -> 0 | CK13: =SUM('Баллы без населения'!IZ57:JE57,'Баллы без населения'!JH57:JY57) -> 0 | CL13: =SUM('Баллы без населения'!JF57:JG57,'Баллы без населения'!JZ57:KE57) -> 0 | CM13: =SUM('Баллы без населения'!OM57:PB57) -> 0 | CN13: =SUMIF('Баллы без населения'!OM55:PB55,"муж",'Баллы без населения'!OM57:PB57) -> 0 | CO13: =SUMIF('Баллы без населения'!OM55:PB55,"жен",'Баллы без населения'!OM57:PB57) -> 0 | CP13: =SUM('Баллы без населения'!OM57:OP57) -> 0 | CQ13: =SUMIF('Баллы без населения'!OM55:OP55,"муж",'Баллы без населения'!OM57:OP57) -> 0 | CR13: =SUMIF('Баллы без населения'!OM55:OP55,"жен",'Баллы без населения'!OM57:OP57) -> 0 | CS13: =SUM('Баллы без населения'!OQ57:PB57) -> 0 | CT13: =SUMIF('Баллы без населения'!OQ55:PB55,"муж",'Баллы без населения'!OQ57:PB57) -> 0 | CU13: =SUMIF('Баллы без населения'!OQ55:PB55,"жен",'Баллы без населения'!OQ57:PB57) -> 0 | CV13: =SUM('Баллы'!KF57:KU57,'Баллы'!PC57:PX57) -> 0 | CW13: =SUM('Баллы без населения'!KF57:KU57) -> 0 | CX13: =SUM('Баллы без населения'!PC57:PX57) -> 0 | CY13: =SUM('Баллы без населения'!KV57:LL57,'Баллы без населения'!PZ57:QJ57) -> 0 | CZ13: =SUM('Баллы без населения'!KZ57:LB57,'Баллы без населения'!PZ57:QJ57) -> 0 | DA13: =SUM('Баллы без населения'!KX57:KY57,'Баллы без населения'!LB57:LC57,'Баллы без населения'!LF57:LG57,'Баллы без населения'!QE57:QJ57) -> 0 | DB13: =SUM('Баллы без населения'!KX57:KY57,'Баллы без населения'!LB57:LC57,'Баллы без населения'!LF57:LG57,'Баллы без населения'!QE57:QG57) -> 0 | DC13: =SUM('Баллы без населения'!LC57,'Баллы без населения'!LG57,'Баллы без населения'!QH57:QJ57) -> 0 | DD13: =SUM('Баллы без населения'!KV57:LL57) -> 0 | DE13: =SUM('Баллы без населения'!KV57:KY57) -> 0 | DF13: =SUM('Баллы без населения'!KZ57:LG57) -> 0 | DG13: =SUM('Баллы без населения'!KZ57:LB57) -> 0 | DH13: =SUM('Баллы без населения'!LD57:LF57) -> 0 | DI13: =SUM('Баллы без населения'!KX57:KY57,'Баллы без населения'!LB57:LC57,'Баллы без населения'!LF57:LG57) -> 0 | DJ13: =SUM('Баллы без населения'!KX57:KY57) -> 0 | DK13: =SUM('Баллы без населения'!LB57:LC57,'Баллы без населения'!LF57:LG57) -> 0 | DL13: =SUM('Баллы без населения'!LC57,'Баллы без населения'!LG57) -> 0 | DM13: =SUM('Баллы без населения'!LH57:LL57) -> 0 | DN13: =SUM('Баллы без населения'!PY57:QJ57) -> 0 | DO13: =SUM('Баллы без населения'!PZ57,'Баллы без населения'!QB57:QJ57) -> 0 | DP13: =SUM('Баллы без населения'!QE57:QJ57) -> 0 | DQ13: =SUM('Баллы без населения'!QE57:QG57) -> 0 | DR13: =SUM('Баллы без населения'!QH57:QJ57) -> 0 | DS13: =SUM('Баллы без населения'!QK57:QP57) -> #REF! | DT13: =SUM('Баллы без населения'!QL57:QM57,'Баллы без населения'!QP57) -> 0 | DU13: =SUM('Баллы без населения'!QN57) -> 0 | DV13: =SUM('Баллы без населения'!QQ57:QX57) -> 0 | DW13: =SUM('Баллы без населения'!QQ57:QR57) -> 0 | DX13: =SUM('Баллы без населения'!QS57:QX57) -> 0
A14: 11 | B14: ='Тест ответы'!B85 -> Челябинская область | C14: 1 | D14: ='Баллы без населения'!D84 -> #REF! | E14: =SUMIF('Баллы без населения'!$E$3:DX$3,"муж",'Баллы без населения'!E84:DX84) -> #REF! | F14: =SUMIF('Баллы без населения'!$E$3:DX$3,"жен",'Баллы без населения'!E84:DX84) -> #REF! | G14: =SUM('Баллы без населения'!Z84:DK84,'Баллы без населения'!DP84:KE84,'Баллы без населения'!KV84:LL84) -> #REF! | H14: =SUM('Баллы без населения'!LM84:PB84,'Баллы без населения'!PY84:QJ84) -> 0 | I14: =SUM('Баллы без населения'!AZ84:BO84,'Баллы без населения'!DR84:DX84,'Баллы без населения'!FL84:FO84,'Баллы без населения'!GB84:GE84,'Баллы без населения'!GX84:HE84,'Баллы без населения'!IF84:IK84,'Баллы без населения'!IZ84:JG84,'Баллы без населения'!LU84:MG84,'Баллы без населения'!NW84:NZ84,'Баллы без населения'!OM84:OP84) -> 0 | J14: =SUM('Баллы без населения'!BP84:DK84,'Баллы без населения'!DY84:FK84,'Баллы без населения'!FP84:GA84,'Баллы без населения'!GF84:GQ84,'Баллы без населения'!HF84:HW84,'Баллы без населения'!IL84:IW84,'Баллы без населения'!JH84:KE84,'Баллы без населения'!MH84:NV84,'Баллы без населения'!OA84:OL84,'Баллы без населения'!OQ84:PB84) -> 0 | K14: =SUM('Баллы без населения'!E84:R84) -> 0.2655 | L14: =SUM('Баллы без населения'!O84:R84) -> 0.18 | M14: =SUM('Баллы без населения'!S84:Y84) -> 0.1 | N14: =SUM('Баллы без населения'!T84:Y84) -> 0 | O14: =SUM('Баллы без населения'!Z84:AQ84,'Баллы без населения'!LM84:LT84) -> 0 | P14: =SUMIF('Баллы без населения'!$Z$3:$AQ$3,"муж",'Баллы без населения'!Z84:AQ84)+SUMIF('Баллы без населения'!$LM$3:$LT$3,"муж",'Баллы без населения'!LM84:LT84) -> 0 | Q14: =SUMIF('Баллы без населения'!$Z$3:$AQ$3,"жен",'Баллы без населения'!Z84:AQ84)+SUMIF('Баллы без населения'!$LM$3:$LT$3,"жен",'Баллы без населения'!LM84:LT84) -> 0 | R14: =SUM('Баллы без населения'!Z84:AQ84) -> 0 | S14: =SUM('Баллы без населения'!Z84:AH84) -> 0 | T14: =SUM('Баллы без населения'!AI84:AQ84) -> 0 | U14: =SUM('Баллы без населения'!LM84:LT84) -> 0 | V14: =SUM('Баллы без населения'!LM84:LP84) -> 0 | W14: =SUM('Баллы без населения'!LQ84:LT84) -> 0 | X14: =SUM('Баллы без населения'!AR84:DK84,'Баллы без населения'!LU84:NI84) -> 0 | Y14: ='Баллы без населения'!AR84+SUM('Баллы без населения'!AZ84:BH84)+SUM('Баллы без населения'!BP84:CP84)+SUM('Баллы без населения'!LU84:MC84,'Баллы без населения'!MH84:NI84) -> 0 | Z14: ='Баллы без населения'!AS84+SUM('Баллы без населения'!BI84:BO84)+SUM('Баллы без населения'!CQ84:DK84)+SUM('Баллы без населения'!MD84:MG84,'Баллы без населения'!NJ84:NV84,) -> 0 | AA14: =SUM('Баллы без населения'!AR84:DK84) -> 0 | AB14: =SUM('Баллы без населения'!AT84:AY84) -> 0 | AC14: ='Баллы без населения'!AR84+SUM('Баллы без населения'!AZ84:BH84)+SUM('Баллы без населения'!BP84:CP84) -> 0 | AD14: ='Баллы без населения'!AS84+SUM('Баллы без населения'!BI84:BO84)+SUM('Баллы без населения'!CQ84:DK84) -> 0 | AE14: =SUM('Баллы без населения'!AZ84:BO84) -> 0 | AF14: =SUM('Баллы без населения'!AZ84:BH84) -> 0 | AG14: =SUM('Баллы без населения'!BI84:BO84) -> 0 | AH14: =SUM('Баллы без населения'!BP84:DK84) -> 0 | AI14: =SUM('Баллы без населения'!BP84:CP84) -> 0 | AJ14: =SUM('Баллы без населения'!CQ84:DK84) -> 0 | AK14: =SUM('Баллы без населения'!LU84:NV84) -> 0 | AL14: =SUM('Баллы без населения'!LU84:MC84,'Баллы без населения'!MH84:NI84) -> 0 | AM14: =SUM('Баллы без населения'!MD84:MG84,'Баллы без населения'!NJ84:NV84,) -> 0 | AN14: =SUM('Баллы без населения'!LU84:MG84) -> 0 | AO14: =SUM('Баллы без населения'!LU84:MC84) -> 0 | AP14: =SUM('Баллы без населения'!MD84:MG84) -> 0 | AQ14: =SUM('Баллы без населения'!MH84:NV84) -> 0 | AR14: =SUM('Баллы без населения'!MH84:NI84) -> 0 | AS14: =SUM('Баллы без населения'!NJ84:NV84) -> 0 | AT14: =SUM('Баллы без населения'!DR84:FK84,'Баллы без населения'!NW84:OL84) -> 0 | AU14: =SUM('Баллы без населения'!DL84:FK84) -> #REF! | AV14: =SUM('Баллы без населения'!DL84:DQ84) -> #REF! | AW14: =SUM('Баллы без населения'!DR84:DU84)+SUM('Баллы без населения'!DY84:ES84) -> 0 | AX14: =SUM('Баллы без населения'!DV84:DX84)+SUM('Баллы без населения'!ET84:FK84) -> 0 | AY14: =SUM('Баллы без населения'!DR84:DX84) -> 0 | AZ14: =SUM('Баллы без населения'!DR84:DU84) -> 0 | BA14: =SUM('Баллы без населения'!DV84:DX84) -> 0 | BB14: =SUM('Баллы без населения'!DY84:FK84) -> 0 | BC14: =SUM('Баллы без населения'!DY84:ES84) -> 0 | BD14: =SUM('Баллы без населения'!ET84:FK84) -> 0 | BE14: =SUM('Баллы без населения'!NW84:OL84) -> 0 | BF14: =SUMIF('Баллы без населения'!NW82:OL82,"муж",'Баллы без населения'!NW84:OL84) -> 0 | BG14: =SUMIF('Баллы без населения'!NW82:OL82,"жен",'Баллы без населения'!NW84:OL84) -> 0 | BH14: =SUM('Баллы без населения'!NW84:NZ84) -> 0 | BI14: =SUMIF('Баллы без населения'!NW82:NZ82,"муж",'Баллы без населения'!NW84:NZ84) -> 0 | BJ14: =SUMIF('Баллы без населения'!NW82:NZ82,";ty",'Баллы без населения'!NW84:NZ84) -> 0 | BK14: =SUM('Баллы без населения'!OA84:OL84) -> 0 | BL14: =SUMIF('Баллы без населения'!OA82:OL82,"муж",'Баллы без населения'!OA84:OL84) -> 0 | BM14: =SUMIF('Баллы без населения'!OA82:OL82,"муж",'Баллы без населения'!OA84:OL84) -> 0 | BN14: =SUM('Баллы без населения'!FL84:KE84,'Баллы'!OM84:PB84) -> #REF! | BO14: =SUM('Баллы без населения'!FL84:KE84) -> #REF! | BP14: =SUM('Баллы без населения'!FL84:FM84,'Баллы без населения'!FP84:FU84,'Баллы без населения'!GB84:GC84,'Баллы без населения'!GF84:GK84,'Баллы без населения'!GR84:GT84,'Баллы без населения'!GX84:HA84,'Баллы без населения'!HF84:HN84,'Баллы без населения'!HX84,'Баллы без населения'!HZ84:IB84,'Баллы без населения'!IX84,'Баллы без населения'!IF84:IH84,'Баллы без населения'!IL84:IQ84,'Баллы без населения'!IZ84:JE84,'Баллы без населения'!JH84:JY84,) -> #REF! | BQ14: =SUM('Баллы без населения'!FN84:FO84,'Баллы без населения'!FV84:GA84,'Баллы без населения'!GD84:GE84,'Баллы без населения'!GL84:GQ84,'Баллы без населения'!GU84:GW84,'Баллы без населения'!HB84:HE84,'Баллы без населения'!HO84:HW84,'Баллы без населения'!HY84,'Баллы без населения'!IC84:IE84,'Баллы без населения'!II84:IK84,'Баллы без населения'!IR84:IW84,'Баллы без населения'!IY84,'Баллы без населения'!JF84:JG84,'Баллы без населения'!JZ84:KE84) -> #REF! | BR14: =SUM('Баллы без населения'!FL84:FO84,'Баллы без населения'!GB84:GE84,'Баллы без населения'!GX84:HE84,'Баллы без населения'!IF84:IK84,'Баллы без населения'!IZ84:JG84) -> 0 | BS14: =SUM('Баллы без населения'!FL84:FM84,'Баллы без населения'!GB84:GC84,'Баллы без населения'!GX84:HA84,'Баллы без населения'!IZ84:JE84) -> 0 | BT14: =SUM('Баллы без населения'!FN84:FO84,'Баллы без населения'!GD84:GE84,'Баллы без населения'!HB84:HE84,'Баллы без населения'!II84:IK84,'Баллы без населения'!JF84:JG84) -> 0 | BU14: =SUM('Баллы без населения'!FP84:GA84,'Баллы без населения'!GF84:GQ84,'Баллы без населения'!HF84:HW84,'Баллы без населения'!IL84:IW84,'Баллы без населения'!JH84:KE84) -> 0 | BV14: =SUM('Баллы без населения'!FP84:FU84,'Баллы без населения'!GF84:GK84,'Баллы без населения'!HF84:HN84,'Баллы без населения'!IL84:IQ84,'Баллы без населения'!JH84:JY84) -> 0 | BW14: =SUM('Баллы без населения'!FV84:GA84,'Баллы без населения'!GL84:GQ84,'Баллы без населения'!HO84:HW84,'Баллы без населения'!IL84:IW84,'Баллы без населения'!JZ84:KE84) -> 0 | BX14: =SUM('Баллы без населения'!FL84:GA84) -> 0 | BY14: =SUM('Баллы без населения'!FL84:FM84,'Баллы без населения'!FP84:FU84) -> 0 | BZ14: =SUM('Баллы без населения'!FN84:FO84,'Баллы без населения'!FV84:GA84) -> 0 | CA14: =SUM('Баллы без населения'!GB84:GQ84) -> 0 | CB14: =SUM('Баллы без населения'!GB84:GC84,'Баллы без населения'!GF84:GK84) -> 0 | CC14: =SUM('Баллы без населения'!GD84:GE84,'Баллы без населения'!GL84:GQ84) -> 0 | CD14: =SUM('Баллы без населения'!GR84:HY84) -> #REF! | CE14: =SUM('Баллы без населения'!GR84:GT84,'Баллы без населения'!GX84:HA84,'Баллы без населения'!HF84:HN84,'Баллы без населения'!HX84) -> #REF! | CF14: =SUM('Баллы без населения'!GU84:GW84,'Баллы без населения'!HB84:HE84,'Баллы без населения'!HO84:HW84,'Баллы без населения'!HY84) -> #REF! | CG14: =SUM('Баллы без населения'!HZ84:IY84) -> 0 | CH14: =SUM('Баллы без населения'!HZ84:IB84,'Баллы без населения'!IF84:IH84,'Баллы без населения'!IL84:IQ84,'Баллы без населения'!IX84) -> 0 | CI14: =SUM('Баллы без населения'!IC84:IE84,'Баллы без населения'!II84:IK84,'Баллы без населения'!IR84:IW84,'Баллы без населения'!IY84) -> 0 | CJ14: =SUM('Баллы без населения'!IZ84:KE84,) -> 0 | CK14: =SUM('Баллы без населения'!IZ84:JE84,'Баллы без населения'!JH84:JY84) -> 0 | CL14: =SUM('Баллы без населения'!JF84:JG84,'Баллы без населения'!JZ84:KE84) -> 0 | CM14: =SUM('Баллы без населения'!OM84:PB84) -> 0 | CN14: =SUMIF('Баллы без населения'!OM82:PB82,"муж",'Баллы без населения'!OM84:PB84) -> 0 | CO14: =SUMIF('Баллы без населения'!OM82:PB82,"жен",'Баллы без населения'!OM84:PB84) -> 0 | CP14: =SUM('Баллы без населения'!OM84:OP84) -> 0 | CQ14: =SUMIF('Баллы без населения'!OM82:OP82,"муж",'Баллы без населения'!OM84:OP84) -> 0 | CR14: =SUMIF('Баллы без населения'!OM82:OP82,"жен",'Баллы без населения'!OM84:OP84) -> 0 | CS14: =SUM('Баллы без населения'!OQ84:PB84) -> 0 | CT14: =SUMIF('Баллы без населения'!OQ82:PB82,"муж",'Баллы без населения'!OQ84:PB84) -> 0 | CU14: =SUMIF('Баллы без населения'!OQ82:PB82,"жен",'Баллы без населения'!OQ84:PB84) -> 0 | CV14: =SUM('Баллы'!KF84:KU84,'Баллы'!PC84:PX84) -> 0 | CW14: =SUM('Баллы без населения'!KF84:KU84) -> 0 | CX14: =SUM('Баллы без населения'!PC84:PX84) -> 0 | CY14: =SUM('Баллы без населения'!KV84:LL84,'Баллы без населения'!PZ84:QJ84) -> 0 | CZ14: =SUM('Баллы без населения'!KZ84:LB84,'Баллы без населения'!PZ84:QJ84) -> 0 | DA14: =SUM('Баллы без населения'!KX84:KY84,'Баллы без населения'!LB84:LC84,'Баллы без населения'!LF84:LG84,'Баллы без населения'!QE84:QJ84) -> 0 | DB14: =SUM('Баллы без населения'!KX84:KY84,'Баллы без населения'!LB84:LC84,'Баллы без населения'!LF84:LG84,'Баллы без населения'!QE84:QG84) -> 0 | DC14: =SUM('Баллы без населения'!LC84,'Баллы без населения'!LG84,'Баллы без населения'!QH84:QJ84) -> 0 | DD14: =SUM('Баллы без населения'!KV84:LL84) -> 0 | DE14: =SUM('Баллы без населения'!KV84:KY84) -> 0 | DF14: =SUM('Баллы без населения'!KZ84:LG84) -> 0 | DG14: =SUM('Баллы без населения'!KZ84:LB84) -> 0 | DH14: =SUM('Баллы без населения'!LD84:LF84) -> 0 | DI14: =SUM('Баллы без населения'!KX84:KY84,'Баллы без населения'!LB84:LC84,'Баллы без населения'!LF84:LG84) -> 0 | DJ14: =SUM('Баллы без населения'!KX84:KY84) -> 0 | DK14: =SUM('Баллы без населения'!LB84:LC84,'Баллы без населения'!LF84:LG84) -> 0 | DL14: =SUM('Баллы без населения'!LC84,'Баллы без населения'!LG84) -> 0 | DM14: =SUM('Баллы без населения'!LH84:LL84) -> 0 | DN14: =SUM('Баллы без населения'!PY84:QJ84) -> 0 | DO14: =SUM('Баллы без населения'!PZ84,'Баллы без населения'!QB84:QJ84) -> 0 | DP14: =SUM('Баллы без населения'!QE84:QJ84) -> 0 | DQ14: =SUM('Баллы без населения'!QE84:QG84) -> 0 | DR14: =SUM('Баллы без населения'!QH84:QJ84) -> 0 | DS14: =SUM('Баллы без населения'!QK84:QP84) -> #REF! | DT14: =SUM('Баллы без населения'!QL84:QM84,'Баллы без населения'!QP84) -> 0 | DU14: =SUM('Баллы без населения'!QN84) -> 0 | DV14: =SUM('Баллы без населения'!QQ84:QX84) -> 0 | DW14: =SUM('Баллы без населения'!QQ84:QR84) -> 0 | DX14: =SUM('Баллы без населения'!QS84:QX84) -> 0
A15: 12 | B15: ='Тест ответы'!B38 -> Красноярский край | C15: 1 | D15: ='Баллы без населения'!D37 -> #REF! | E15: =SUMIF('Баллы без населения'!$E$3:DX$3,"муж",'Баллы без населения'!E37:DX37) -> #REF! | F15: =SUMIF('Баллы без населения'!$E$3:DX$3,"жен",'Баллы без населения'!E37:DX37) -> #REF! | G15: =SUM('Баллы без населения'!Z37:DK37,'Баллы без населения'!DP37:KE37,'Баллы без населения'!KV37:LL37) -> #REF! | H15: =SUM('Баллы без населения'!LM37:PB37,'Баллы без населения'!PY37:QJ37) -> 0 | I15: =SUM('Баллы без населения'!AZ37:BO37,'Баллы без населения'!DR37:DX37,'Баллы без населения'!FL37:FO37,'Баллы без населения'!GB37:GE37,'Баллы без населения'!GX37:HE37,'Баллы без населения'!IF37:IK37,'Баллы без населения'!IZ37:JG37,'Баллы без населения'!LU37:MG37,'Баллы без населения'!NW37:NZ37,'Баллы без населения'!OM37:OP37) -> 0 | J15: =SUM('Баллы без населения'!BP37:DK37,'Баллы без населения'!DY37:FK37,'Баллы без населения'!FP37:GA37,'Баллы без населения'!GF37:GQ37,'Баллы без населения'!HF37:HW37,'Баллы без населения'!IL37:IW37,'Баллы без населения'!JH37:KE37,'Баллы без населения'!MH37:NV37,'Баллы без населения'!OA37:OL37,'Баллы без населения'!OQ37:PB37) -> 0 | K15: =SUM('Баллы без населения'!E37:R37) -> 0.0055 | L15: =SUM('Баллы без населения'!O37:R37) -> 0 | M15: =SUM('Баллы без населения'!S37:Y37) -> 0.1 | N15: =SUM('Баллы без населения'!T37:Y37) -> 0 | O15: =SUM('Баллы без населения'!Z37:AQ37,'Баллы без населения'!LM37:LT37) -> 0 | P15: =SUMIF('Баллы без населения'!$Z$3:$AQ$3,"муж",'Баллы без населения'!Z37:AQ37)+SUMIF('Баллы без населения'!$LM$3:$LT$3,"муж",'Баллы без населения'!LM37:LT37) -> 0 | Q15: =SUMIF('Баллы без населения'!$Z$3:$AQ$3,"жен",'Баллы без населения'!Z37:AQ37)+SUMIF('Баллы без населения'!$LM$3:$LT$3,"жен",'Баллы без населения'!LM37:LT37) -> 0 | R15: =SUM('Баллы без населения'!Z37:AQ37) -> 0 | S15: =SUM('Баллы без населения'!Z37:AH37) -> 0 | T15: =SUM('Баллы без населения'!AI37:AQ37) -> 0 | U15: =SUM('Баллы без населения'!LM37:LT37) -> 0 | V15: =SUM('Баллы без населения'!LM37:LP37) -> 0 | W15: =SUM('Баллы без населения'!LQ37:LT37) -> 0 | X15: =SUM('Баллы без населения'!AR37:DK37,'Баллы без населения'!LU37:NI37) -> 0 | Y15: ='Баллы без населения'!AR37+SUM('Баллы без населения'!AZ37:BH37)+SUM('Баллы без населения'!BP37:CP37)+SUM('Баллы без населения'!LU37:MC37,'Баллы без населения'!MH37:NI37) -> 0 | Z15: ='Баллы без населения'!AS37+SUM('Баллы без населения'!BI37:BO37)+SUM('Баллы без населения'!CQ37:DK37)+SUM('Баллы без населения'!MD37:MG37,'Баллы без населения'!NJ37:NV37,) -> 0 | AA15: =SUM('Баллы без населения'!AR37:DK37) -> 0 | AB15: =SUM('Баллы без населения'!AT37:AY37) -> 0 | AC15: ='Баллы без населения'!AR37+SUM('Баллы без населения'!AZ37:BH37)+SUM('Баллы без населения'!BP37:CP37) -> 0 | AD15: ='Баллы без населения'!AS37+SUM('Баллы без населения'!BI37:BO37)+SUM('Баллы без населения'!CQ37:DK37) -> 0 | AE15: =SUM('Баллы без населения'!AZ37:BO37) -> 0 | AF15: =SUM('Баллы без населения'!AZ37:BH37) -> 0 | AG15: =SUM('Баллы без населения'!BI37:BO37) -> 0 | AH15: =SUM('Баллы без населения'!BP37:DK37) -> 0 | AI15: =SUM('Баллы без населения'!BP37:CP37) -> 0 | AJ15: =SUM('Баллы без населения'!CQ37:DK37) -> 0 | AK15: =SUM('Баллы без населения'!LU37:NV37) -> 0 | AL15: =SUM('Баллы без населения'!LU37:MC37,'Баллы без населения'!MH37:NI37) -> 0 | AM15: =SUM('Баллы без населения'!MD37:MG37,'Баллы без населения'!NJ37:NV37,) -> 0 | AN15: =SUM('Баллы без населения'!LU37:MG37) -> 0 | AO15: =SUM('Баллы без населения'!LU37:MC37) -> 0 | AP15: =SUM('Баллы без населения'!MD37:MG37) -> 0 | AQ15: =SUM('Баллы без населения'!MH37:NV37) -> 0 | AR15: =SUM('Баллы без населения'!MH37:NI37) -> 0 | AS15: =SUM('Баллы без населения'!NJ37:NV37) -> 0 | AT15: =SUM('Баллы без населения'!DR37:FK37,'Баллы без населения'!NW37:OL37) -> 0 | AU15: =SUM('Баллы без населения'!DL37:FK37) -> #REF! | AV15: =SUM('Баллы без населения'!DL37:DQ37) -> #REF! | AW15: =SUM('Баллы без населения'!DR37:DU37)+SUM('Баллы без населения'!DY37:ES37) -> 0 | AX15: =SUM('Баллы без населения'!DV37:DX37)+SUM('Баллы без населения'!ET37:FK37) -> 0 | AY15: =SUM('Баллы без населения'!DR37:DX37) -> 0 | AZ15: =SUM('Баллы без населения'!DR37:DU37) -> 0 | BA15: =SUM('Баллы без населения'!DV37:DX37) -> 0 | BB15: =SUM('Баллы без населения'!DY37:FK37) -> 0 | BC15: =SUM('Баллы без населения'!DY37:ES37) -> 0 | BD15: =SUM('Баллы без населения'!ET37:FK37) -> 0 | BE15: =SUM('Баллы без населения'!NW37:OL37) -> 0 | BF15: =SUMIF('Баллы без населения'!NW35:OL35,"муж",'Баллы без населения'!NW37:OL37) -> 0 | BG15: =SUMIF('Баллы без населения'!NW35:OL35,"жен",'Баллы без населения'!NW37:OL37) -> 0 | BH15: =SUM('Баллы без населения'!NW37:NZ37) -> 0 | BI15: =SUMIF('Баллы без населения'!NW35:NZ35,"муж",'Баллы без населения'!NW37:NZ37) -> 0 | BJ15: =SUMIF('Баллы без населения'!NW35:NZ35,";ty",'Баллы без населения'!NW37:NZ37) -> 0 | BK15: =SUM('Баллы без населения'!OA37:OL37) -> 0 | BL15: =SUMIF('Баллы без населения'!OA35:OL35,"муж",'Баллы без населения'!OA37:OL37) -> 0 | BM15: =SUMIF('Баллы без населения'!OA35:OL35,"муж",'Баллы без населения'!OA37:OL37) -> 0 | BN15: =SUM('Баллы без населения'!FL37:KE37,'Баллы'!OM37:PB37) -> #REF! | BO15: =SUM('Баллы без населения'!FL37:KE37) -> #REF! | BP15: =SUM('Баллы без населения'!FL37:FM37,'Баллы без населения'!FP37:FU37,'Баллы без населения'!GB37:GC37,'Баллы без населения'!GF37:GK37,'Баллы без населения'!GR37:GT37,'Баллы без населения'!GX37:HA37,'Баллы без населения'!HF37:HN37,'Баллы без населения'!HX37,'Баллы без населения'!HZ37:IB37,'Баллы без населения'!IX37,'Баллы без населения'!IF37:IH37,'Баллы без населения'!IL37:IQ37,'Баллы без населения'!IZ37:JE37,'Баллы без населения'!JH37:JY37,) -> #REF! | BQ15: =SUM('Баллы без населения'!FN37:FO37,'Баллы без населения'!FV37:GA37,'Баллы без населения'!GD37:GE37,'Баллы без населения'!GL37:GQ37,'Баллы без населения'!GU37:GW37,'Баллы без населения'!HB37:HE37,'Баллы без населения'!HO37:HW37,'Баллы без населения'!HY37,'Баллы без населения'!IC37:IE37,'Баллы без населения'!II37:IK37,'Баллы без населения'!IR37:IW37,'Баллы без населения'!IY37,'Баллы без населения'!JF37:JG37,'Баллы без населения'!JZ37:KE37) -> #REF! | BR15: =SUM('Баллы без населения'!FL37:FO37,'Баллы без населения'!GB37:GE37,'Баллы без населения'!GX37:HE37,'Баллы без населения'!IF37:IK37,'Баллы без населения'!IZ37:JG37) -> 0 | BS15: =SUM('Баллы без населения'!FL37:FM37,'Баллы без населения'!GB37:GC37,'Баллы без населения'!GX37:HA37,'Баллы без населения'!IZ37:JE37) -> 0 | BT15: =SUM('Баллы без населения'!FN37:FO37,'Баллы без населения'!GD37:GE37,'Баллы без населения'!HB37:HE37,'Баллы без населения'!II37:IK37,'Баллы без населения'!JF37:JG37) -> 0 | BU15: =SUM('Баллы без населения'!FP37:GA37,'Баллы без населения'!GF37:GQ37,'Баллы без населения'!HF37:HW37,'Баллы без населения'!IL37:IW37,'Баллы без населения'!JH37:KE37) -> 0 | BV15: =SUM('Баллы без населения'!FP37:FU37,'Баллы без населения'!GF37:GK37,'Баллы без населения'!HF37:HN37,'Баллы без населения'!IL37:IQ37,'Баллы без населения'!JH37:JY37) -> 0 | BW15: =SUM('Баллы без населения'!FV37:GA37,'Баллы без населения'!GL37:GQ37,'Баллы без населения'!HO37:HW37,'Баллы без населения'!IL37:IW37,'Баллы без населения'!JZ37:KE37) -> 0 | BX15: =SUM('Баллы без населения'!FL37:GA37) -> 0 | BY15: =SUM('Баллы без населения'!FL37:FM37,'Баллы без населения'!FP37:FU37) -> 0 | BZ15: =SUM('Баллы без населения'!FN37:FO37,'Баллы без населения'!FV37:GA37) -> 0 | CA15: =SUM('Баллы без населения'!GB37:GQ37) -> 0 | CB15: =SUM('Баллы без населения'!GB37:GC37,'Баллы без населения'!GF37:GK37) -> 0 | CC15: =SUM('Баллы без населения'!GD37:GE37,'Баллы без населения'!GL37:GQ37) -> 0 | CD15: =SUM('Баллы без населения'!GR37:HY37) -> #REF! | CE15: =SUM('Баллы без населения'!GR37:GT37,'Баллы без населения'!GX37:HA37,'Баллы без населения'!HF37:HN37,'Баллы без населения'!HX37) -> #REF! | CF15: =SUM('Баллы без населения'!GU37:GW37,'Баллы без населения'!HB37:HE37,'Баллы без населения'!HO37:HW37,'Баллы без населения'!HY37) -> #REF! | CG15: =SUM('Баллы без населения'!HZ37:IY37) -> 0 | CH15: =SUM('Баллы без населения'!HZ37:IB37,'Баллы без населения'!IF37:IH37,'Баллы без населения'!IL37:IQ37,'Баллы без населения'!IX37) -> 0 | CI15: =SUM('Баллы без населения'!IC37:IE37,'Баллы без населения'!II37:IK37,'Баллы без населения'!IR37:IW37,'Баллы без населения'!IY37) -> 0 | CJ15: =SUM('Баллы без населения'!IZ37:KE37,) -> 0 | CK15: =SUM('Баллы без населения'!IZ37:JE37,'Баллы без населения'!JH37:JY37) -> 0 | CL15: =SUM('Баллы без населения'!JF37:JG37,'Баллы без населения'!JZ37:KE37) -> 0 | CM15: =SUM('Баллы без населения'!OM37:PB37) -> 0 | CN15: =SUMIF('Баллы без населения'!OM35:PB35,"муж",'Баллы без населения'!OM37:PB37) -> 0 | CO15: =SUMIF('Баллы без населения'!OM35:PB35,"жен",'Баллы без населения'!OM37:PB37) -> 0 | CP15: =SUM('Баллы без населения'!OM37:OP37) -> 0 | CQ15: =SUMIF('Баллы без населения'!OM35:OP35,"муж",'Баллы без населения'!OM37:OP37) -> 0 | CR15: =SUMIF('Баллы без населения'!OM35:OP35,"жен",'Баллы без населения'!OM37:OP37) -> 0 | CS15: =SUM('Баллы без населения'!OQ37:PB37) -> 0 | CT15: =SUMIF('Баллы без населения'!OQ35:PB35,"муж",'Баллы без населения'!OQ37:PB37) -> 0 | CU15: =SUMIF('Баллы без населения'!OQ35:PB35,"жен",'Баллы без населения'!OQ37:PB37) -> 0 | CV15: =SUM('Баллы'!KF37:KU37,'Баллы'!PC37:PX37) -> 0 | CW15: =SUM('Баллы без населения'!KF37:KU37) -> 0 | CX15: =SUM('Баллы без населения'!PC37:PX37) -> 0 | CY15: =SUM('Баллы без населения'!KV37:LL37,'Баллы без населения'!PZ37:QJ37) -> 0 | CZ15: =SUM('Баллы без населения'!KZ37:LB37,'Баллы без населения'!PZ37:QJ37) -> 0 | DA15: =SUM('Баллы без населения'!KX37:KY37,'Баллы без населения'!LB37:LC37,'Баллы без населения'!LF37:LG37,'Баллы без населения'!QE37:QJ37) -> 0 | DB15: =SUM('Баллы без населения'!KX37:KY37,'Баллы без населения'!LB37:LC37,'Баллы без населения'!LF37:LG37,'Баллы без населения'!QE37:QG37) -> 0 | DC15: =SUM('Баллы без населения'!LC37,'Баллы без населения'!LG37,'Баллы без населения'!QH37:QJ37) -> 0 | DD15: =SUM('Баллы без населения'!KV37:LL37) -> 0 | DE15: =SUM('Баллы без населения'!KV37:KY37) -> 0 | DF15: =SUM('Баллы без населения'!KZ37:LG37) -> 0 | DG15: =SUM('Баллы без населения'!KZ37:LB37) -> 0 | DH15: =SUM('Баллы без населения'!LD37:LF37) -> 0 | DI15: =SUM('Баллы без населения'!KX37:KY37,'Баллы без населения'!LB37:LC37,'Баллы без населения'!LF37:LG37) -> 0 | DJ15: =SUM('Баллы без населения'!KX37:KY37) -> 0 | DK15: =SUM('Баллы без населения'!LB37:LC37,'Баллы без населения'!LF37:LG37) -> 0 | DL15: =SUM('Баллы без населения'!LC37,'Баллы без населения'!LG37) -> 0 | DM15: =SUM('Баллы без населения'!LH37:LL37) -> 0 | DN15: =SUM('Баллы без населения'!PY37:QJ37) -> 0 | DO15: =SUM('Баллы без населения'!PZ37,'Баллы без населения'!QB37:QJ37) -> 0 | DP15: =SUM('Баллы без населения'!QE37:QJ37) -> 0 | DQ15: =SUM('Баллы без населения'!QE37:QG37) -> 0 | DR15: =SUM('Баллы без населения'!QH37:QJ37) -> 0 | DS15: =SUM('Баллы без населения'!QK37:QP37) -> #REF! | DT15: =SUM('Баллы без населения'!QL37:QM37,'Баллы без населения'!QP37) -> 0 | DU15: =SUM('Баллы без населения'!QN37) -> 0 | DV15: =SUM('Баллы без населения'!QQ37:QX37) -> 0 | DW15: =SUM('Баллы без населения'!QQ37:QR37) -> 0 | DX15: =SUM('Баллы без населения'!QS37:QX37) -> 0
A16: 13 | B16: ='Тест ответы'!B61 -> Ростовская область | C16: 1 | D16: ='Баллы без населения'!D60 -> #REF! | E16: =SUMIF('Баллы без населения'!$E$3:DX$3,"муж",'Баллы без населения'!E60:DX60) -> #REF! | F16: =SUMIF('Баллы без населения'!$E$3:DX$3,"жен",'Баллы без населения'!E60:DX60) -> #REF! | G16: =SUM('Баллы без населения'!Z60:DK60,'Баллы без населения'!DP60:KE60,'Баллы без населения'!KV60:LL60) -> #REF! | H16: =SUM('Баллы без населения'!LM60:PB60,'Баллы без населения'!PY60:QJ60) -> 0 | I16: =SUM('Баллы без населения'!AZ60:BO60,'Баллы без населения'!DR60:DX60,'Баллы без населения'!FL60:FO60,'Баллы без населения'!GB60:GE60,'Баллы без населения'!GX60:HE60,'Баллы без населения'!IF60:IK60,'Баллы без населения'!IZ60:JG60,'Баллы без населения'!LU60:MG60,'Баллы без населения'!NW60:NZ60,'Баллы без населения'!OM60:OP60) -> 0 | J16: =SUM('Баллы без населения'!BP60:DK60,'Баллы без населения'!DY60:FK60,'Баллы без населения'!FP60:GA60,'Баллы без населения'!GF60:GQ60,'Баллы без населения'!HF60:HW60,'Баллы без населения'!IL60:IW60,'Баллы без населения'!JH60:KE60,'Баллы без населения'!MH60:NV60,'Баллы без населения'!OA60:OL60,'Баллы без населения'!OQ60:PB60) -> 0 | K16: =SUM('Баллы без населения'!E60:R60) -> 0.1635 | L16: =SUM('Баллы без населения'!O60:R60) -> 0.09 | M16: =SUM('Баллы без населения'!S60:Y60) -> 0.1 | N16: =SUM('Баллы без населения'!T60:Y60) -> 0 | O16: =SUM('Баллы без населения'!Z60:AQ60,'Баллы без населения'!LM60:LT60) -> 0 | P16: =SUMIF('Баллы без населения'!$Z$3:$AQ$3,"муж",'Баллы без населения'!Z60:AQ60)+SUMIF('Баллы без населения'!$LM$3:$LT$3,"муж",'Баллы без населения'!LM60:LT60) -> 0 | Q16: =SUMIF('Баллы без населения'!$Z$3:$AQ$3,"жен",'Баллы без населения'!Z60:AQ60)+SUMIF('Баллы без населения'!$LM$3:$LT$3,"жен",'Баллы без населения'!LM60:LT60) -> 0 | R16: =SUM('Баллы без населения'!Z60:AQ60) -> 0 | S16: =SUM('Баллы без населения'!Z60:AH60) -> 0 | T16: =SUM('Баллы без населения'!AI60:AQ60) -> 0 | U16: =SUM('Баллы без населения'!LM60:LT60) -> 0 | V16: =SUM('Баллы без населения'!LM60:LP60) -> 0 | W16: =SUM('Баллы без населения'!LQ60:LT60) -> 0 | X16: =SUM('Баллы без населения'!AR60:DK60,'Баллы без населения'!LU60:NI60) -> 0 | Y16: ='Баллы без населения'!AR60+SUM('Баллы без населения'!AZ60:BH60)+SUM('Баллы без населения'!BP60:CP60)+SUM('Баллы без населения'!LU60:MC60,'Баллы без населения'!MH60:NI60) -> 0 | Z16: ='Баллы без населения'!AS60+SUM('Баллы без населения'!BI60:BO60)+SUM('Баллы без населения'!CQ60:DK60)+SUM('Баллы без населения'!MD60:MG60,'Баллы без населения'!NJ60:NV60,) -> 0 | AA16: =SUM('Баллы без населения'!AR60:DK60) -> 0 | AB16: =SUM('Баллы без населения'!AT60:AY60) -> 0 | AC16: ='Баллы без населения'!AR60+SUM('Баллы без населения'!AZ60:BH60)+SUM('Баллы без населения'!BP60:CP60) -> 0 | AD16: ='Баллы без населения'!AS60+SUM('Баллы без населения'!BI60:BO60)+SUM('Баллы без населения'!CQ60:DK60) -> 0 | AE16: =SUM('Баллы без населения'!AZ60:BO60) -> 0 | AF16: =SUM('Баллы без населения'!AZ60:BH60) -> 0 | AG16: =SUM('Баллы без населения'!BI60:BO60) -> 0 | AH16: =SUM('Баллы без населения'!BP60:DK60) -> 0 | AI16: =SUM('Баллы без населения'!BP60:CP60) -> 0 | AJ16: =SUM('Баллы без населения'!CQ60:DK60) -> 0 | AK16: =SUM('Баллы без населения'!LU60:NV60) -> 0 | AL16: =SUM('Баллы без населения'!LU60:MC60,'Баллы без населения'!MH60:NI60) -> 0 | AM16: =SUM('Баллы без населения'!MD60:MG60,'Баллы без населения'!NJ60:NV60,) -> 0 | AN16: =SUM('Баллы без населения'!LU60:MG60) -> 0 | AO16: =SUM('Баллы без населения'!LU60:MC60) -> 0 | AP16: =SUM('Баллы без населения'!MD60:MG60) -> 0 | AQ16: =SUM('Баллы без населения'!MH60:NV60) -> 0 | AR16: =SUM('Баллы без населения'!MH60:NI60) -> 0 | AS16: =SUM('Баллы без населения'!NJ60:NV60) -> 0 | AT16: =SUM('Баллы без населения'!DR60:FK60,'Баллы без населения'!NW60:OL60) -> 0 | AU16: =SUM('Баллы без населения'!DL60:FK60) -> #REF! | AV16: =SUM('Баллы без населения'!DL60:DQ60) -> #REF! | AW16: =SUM('Баллы без населения'!DR60:DU60)+SUM('Баллы без населения'!DY60:ES60) -> 0 | AX16: =SUM('Баллы без населения'!DV60:DX60)+SUM('Баллы без населения'!ET60:FK60) -> 0 | AY16: =SUM('Баллы без населения'!DR60:DX60) -> 0 | AZ16: =SUM('Баллы без населения'!DR60:DU60) -> 0 | BA16: =SUM('Баллы без населения'!DV60:DX60) -> 0 | BB16: =SUM('Баллы без населения'!DY60:FK60) -> 0 | BC16: =SUM('Баллы без населения'!DY60:ES60) -> 0 | BD16: =SUM('Баллы без населения'!ET60:FK60) -> 0 | BE16: =SUM('Баллы без населения'!NW60:OL60) -> 0 | BF16: =SUMIF('Баллы без населения'!NW58:OL58,"муж",'Баллы без населения'!NW60:OL60) -> 0 | BG16: =SUMIF('Баллы без населения'!NW58:OL58,"жен",'Баллы без населения'!NW60:OL60) -> 0 | BH16: =SUM('Баллы без населения'!NW60:NZ60) -> 0 | BI16: =SUMIF('Баллы без населения'!NW58:NZ58,"муж",'Баллы без населения'!NW60:NZ60) -> 0 | BJ16: =SUMIF('Баллы без населения'!NW58:NZ58,";ty",'Баллы без населения'!NW60:NZ60) -> 0 | BK16: =SUM('Баллы без населения'!OA60:OL60) -> 0 | BL16: =SUMIF('Баллы без населения'!OA58:OL58,"муж",'Баллы без населения'!OA60:OL60) -> 0 | BM16: =SUMIF('Баллы без населения'!OA58:OL58,"муж",'Баллы без населения'!OA60:OL60) -> 0 | BN16: =SUM('Баллы без населения'!FL60:KE60,'Баллы'!OM60:PB60) -> #REF! | BO16: =SUM('Баллы без населения'!FL60:KE60) -> #REF! | BP16: =SUM('Баллы без населения'!FL60:FM60,'Баллы без населения'!FP60:FU60,'Баллы без населения'!GB60:GC60,'Баллы без населения'!GF60:GK60,'Баллы без населения'!GR60:GT60,'Баллы без населения'!GX60:HA60,'Баллы без населения'!HF60:HN60,'Баллы без населения'!HX60,'Баллы без населения'!HZ60:IB60,'Баллы без населения'!IX60,'Баллы без населения'!IF60:IH60,'Баллы без населения'!IL60:IQ60,'Баллы без населения'!IZ60:JE60,'Баллы без населения'!JH60:JY60,) -> #REF! | BQ16: =SUM('Баллы без населения'!FN60:FO60,'Баллы без населения'!FV60:GA60,'Баллы без населения'!GD60:GE60,'Баллы без населения'!GL60:GQ60,'Баллы без населения'!GU60:GW60,'Баллы без населения'!HB60:HE60,'Баллы без населения'!HO60:HW60,'Баллы без населения'!HY60,'Баллы без населения'!IC60:IE60,'Баллы без населения'!II60:IK60,'Баллы без населения'!IR60:IW60,'Баллы без населения'!IY60,'Баллы без населения'!JF60:JG60,'Баллы без населения'!JZ60:KE60) -> #REF! | BR16: =SUM('Баллы без населения'!FL60:FO60,'Баллы без населения'!GB60:GE60,'Баллы без населения'!GX60:HE60,'Баллы без населения'!IF60:IK60,'Баллы без населения'!IZ60:JG60) -> 0 | BS16: =SUM('Баллы без населения'!FL60:FM60,'Баллы без населения'!GB60:GC60,'Баллы без населения'!GX60:HA60,'Баллы без населения'!IZ60:JE60) -> 0 | BT16: =SUM('Баллы без населения'!FN60:FO60,'Баллы без населения'!GD60:GE60,'Баллы без населения'!HB60:HE60,'Баллы без населения'!II60:IK60,'Баллы без населения'!JF60:JG60) -> 0 | BU16: =SUM('Баллы без населения'!FP60:GA60,'Баллы без населения'!GF60:GQ60,'Баллы без населения'!HF60:HW60,'Баллы без населения'!IL60:IW60,'Баллы без населения'!JH60:KE60) -> 0 | BV16: =SUM('Баллы без населения'!FP60:FU60,'Баллы без населения'!GF60:GK60,'Баллы без населения'!HF60:HN60,'Баллы без населения'!IL60:IQ60,'Баллы без населения'!JH60:JY60) -> 0 | BW16: =SUM('Баллы без населения'!FV60:GA60,'Баллы без населения'!GL60:GQ60,'Баллы без населения'!HO60:HW60,'Баллы без населения'!IL60:IW60,'Баллы без населения'!JZ60:KE60) -> 0 | BX16: =SUM('Баллы без населения'!FL60:GA60) -> 0 | BY16: =SUM('Баллы без населения'!FL60:FM60,'Баллы без населения'!FP60:FU60) -> 0 | BZ16: =SUM('Баллы без населения'!FN60:FO60,'Баллы без населения'!FV60:GA60) -> 0 | CA16: =SUM('Баллы без населения'!GB60:GQ60) -> 0 | CB16: =SUM('Баллы без населения'!GB60:GC60,'Баллы без населения'!GF60:GK60) -> 0 | CC16: =SUM('Баллы без населения'!GD60:GE60,'Баллы без населения'!GL60:GQ60) -> 0 | CD16: =SUM('Баллы без населения'!GR60:HY60) -> #REF! | CE16: =SUM('Баллы без населения'!GR60:GT60,'Баллы без населения'!GX60:HA60,'Баллы без населения'!HF60:HN60,'Баллы без населения'!HX60) -> #REF! | CF16: =SUM('Баллы без населения'!GU60:GW60,'Баллы без населения'!HB60:HE60,'Баллы без населения'!HO60:HW60,'Баллы без населения'!HY60) -> #REF! | CG16: =SUM('Баллы без населения'!HZ60:IY60) -> 0 | CH16: =SUM('Баллы без населения'!HZ60:IB60,'Баллы без населения'!IF60:IH60,'Баллы без населения'!IL60:IQ60,'Баллы без населения'!IX60) -> 0 | CI16: =SUM('Баллы без населения'!IC60:IE60,'Баллы без населения'!II60:IK60,'Баллы без населения'!IR60:IW60,'Баллы без населения'!IY60) -> 0 | CJ16: =SUM('Баллы без населения'!IZ60:KE60,) -> 0 | CK16: =SUM('Баллы без населения'!IZ60:JE60,'Баллы без населения'!JH60:JY60) -> 0 | CL16: =SUM('Баллы без населения'!JF60:JG60,'Баллы без населения'!JZ60:KE60) -> 0 | CM16: =SUM('Баллы без населения'!OM60:PB60) -> 0 | CN16: =SUMIF('Баллы без населения'!OM58:PB58,"муж",'Баллы без населения'!OM60:PB60) -> 0 | CO16: =SUMIF('Баллы без населения'!OM58:PB58,"жен",'Баллы без населения'!OM60:PB60) -> 0 | CP16: =SUM('Баллы без населения'!OM60:OP60) -> 0 | CQ16: =SUMIF('Баллы без населения'!OM58:OP58,"муж",'Баллы без населения'!OM60:OP60) -> 0 | CR16: =SUMIF('Баллы без населения'!OM58:OP58,"жен",'Баллы без населения'!OM60:OP60) -> 0 | CS16: =SUM('Баллы без населения'!OQ60:PB60) -> 0 | CT16: =SUMIF('Баллы без населения'!OQ58:PB58,"муж",'Баллы без населения'!OQ60:PB60) -> 0 | CU16: =SUMIF('Баллы без населения'!OQ58:PB58,"жен",'Баллы без населения'!OQ60:PB60) -> 0 | CV16: =SUM('Баллы'!KF60:KU60,'Баллы'!PC60:PX60) -> 0 | CW16: =SUM('Баллы без населения'!KF60:KU60) -> 0 | CX16: =SUM('Баллы без населения'!PC60:PX60) -> 0 | CY16: =SUM('Баллы без населения'!KV60:LL60,'Баллы без населения'!PZ60:QJ60) -> 0 | CZ16: =SUM('Баллы без населения'!KZ60:LB60,'Баллы без населения'!PZ60:QJ60) -> 0 | DA16: =SUM('Баллы без населения'!KX60:KY60,'Баллы без населения'!LB60:LC60,'Баллы без населения'!LF60:LG60,'Баллы без населения'!QE60:QJ60) -> 0 | DB16: =SUM('Баллы без населения'!KX60:KY60,'Баллы без населения'!LB60:LC60,'Баллы без населения'!LF60:LG60,'Баллы без населения'!QE60:QG60) -> 0 | DC16: =SUM('Баллы без населения'!LC60,'Баллы без населения'!LG60,'Баллы без населения'!QH60:QJ60) -> 0 | DD16: =SUM('Баллы без населения'!KV60:LL60) -> 0 | DE16: =SUM('Баллы без населения'!KV60:KY60) -> 0 | DF16: =SUM('Баллы без населения'!KZ60:LG60) -> 0 | DG16: =SUM('Баллы без населения'!KZ60:LB60) -> 0 | DH16: =SUM('Баллы без населения'!LD60:LF60) -> 0 | DI16: =SUM('Баллы без населения'!KX60:KY60,'Баллы без населения'!LB60:LC60,'Баллы без населения'!LF60:LG60) -> 0 | DJ16: =SUM('Баллы без населения'!KX60:KY60) -> 0 | DK16: =SUM('Баллы без населения'!LB60:LC60,'Баллы без населения'!LF60:LG60) -> 0 | DL16: =SUM('Баллы без населения'!LC60,'Баллы без населения'!LG60) -> 0 | DM16: =SUM('Баллы без населения'!LH60:LL60) -> 0 | DN16: =SUM('Баллы без населения'!PY60:QJ60) -> 0 | DO16: =SUM('Баллы без населения'!PZ60,'Баллы без населения'!QB60:QJ60) -> 0 | DP16: =SUM('Баллы без населения'!QE60:QJ60) -> 0 | DQ16: =SUM('Баллы без населения'!QE60:QG60) -> 0 | DR16: =SUM('Баллы без населения'!QH60:QJ60) -> 0 | DS16: =SUM('Баллы без населения'!QK60:QP60) -> #REF! | DT16: =SUM('Баллы без населения'!QL60:QM60,'Баллы без населения'!QP60) -> 0 | DU16: =SUM('Баллы без населения'!QN60) -> 0 | DV16: =SUM('Баллы без населения'!QQ60:QX60) -> 0 | DW16: =SUM('Баллы без населения'!QQ60:QR60) -> 0 | DX16: =SUM('Баллы без населения'!QS60:QX60) -> 0
A17: 14 | B17: ='Тест ответы'!B53 -> Новосибирская область | C17: 1 | D17: ='Баллы без населения'!D52 -> #REF! | E17: =SUMIF('Баллы без населения'!$E$3:DX$3,"муж",'Баллы без населения'!E52:DX52) -> #REF! | F17: =SUMIF('Баллы без населения'!$E$3:DX$3,"жен",'Баллы без населения'!E52:DX52) -> #REF! | G17: =SUM('Баллы без населения'!Z52:DK52,'Баллы без населения'!DP52:KE52,'Баллы без населения'!KV52:LL52) -> #REF! | H17: =SUM('Баллы без населения'!LM52:PB52,'Баллы без населения'!PY52:QJ52) -> 0 | I17: =SUM('Баллы без населения'!AZ52:BO52,'Баллы без населения'!DR52:DX52,'Баллы без населения'!FL52:FO52,'Баллы без населения'!GB52:GE52,'Баллы без населения'!GX52:HE52,'Баллы без населения'!IF52:IK52,'Баллы без населения'!IZ52:JG52,'Баллы без населения'!LU52:MG52,'Баллы без населения'!NW52:NZ52,'Баллы без населения'!OM52:OP52) -> 0 | J17: =SUM('Баллы без населения'!BP52:DK52,'Баллы без населения'!DY52:FK52,'Баллы без населения'!FP52:GA52,'Баллы без населения'!GF52:GQ52,'Баллы без населения'!HF52:HW52,'Баллы без населения'!IL52:IW52,'Баллы без населения'!JH52:KE52,'Баллы без населения'!MH52:NV52,'Баллы без населения'!OA52:OL52,'Баллы без населения'!OQ52:PB52) -> 0 | K17: =SUM('Баллы без населения'!E52:R52) -> 0 | L17: =SUM('Баллы без населения'!O52:R52) -> 0 | M17: =SUM('Баллы без населения'!S52:Y52) -> 0 | N17: =SUM('Баллы без населения'!T52:Y52) -> 0 | O17: =SUM('Баллы без населения'!Z52:AQ52,'Баллы без населения'!LM52:LT52) -> 0 | P17: =SUMIF('Баллы без населения'!$Z$3:$AQ$3,"муж",'Баллы без населения'!Z52:AQ52)+SUMIF('Баллы без населения'!$LM$3:$LT$3,"муж",'Баллы без населения'!LM52:LT52) -> 0 | Q17: =SUMIF('Баллы без населения'!$Z$3:$AQ$3,"жен",'Баллы без населения'!Z52:AQ52)+SUMIF('Баллы без населения'!$LM$3:$LT$3,"жен",'Баллы без населения'!LM52:LT52) -> 0 | R17: =SUM('Баллы без населения'!Z52:AQ52) -> 0 | S17: =SUM('Баллы без населения'!Z52:AH52) -> 0 | T17: =SUM('Баллы без населения'!AI52:AQ52) -> 0 | U17: =SUM('Баллы без населения'!LM52:LT52) -> 0 | V17: =SUM('Баллы без населения'!LM52:LP52) -> 0 | W17: =SUM('Баллы без населения'!LQ52:LT52) -> 0 | X17: =SUM('Баллы без населения'!AR52:DK52,'Баллы без населения'!LU52:NI52) -> 0 | Y17: ='Баллы без населения'!AR52+SUM('Баллы без населения'!AZ52:BH52)+SUM('Баллы без населения'!BP52:CP52)+SUM('Баллы без населения'!LU52:MC52,'Баллы без населения'!MH52:NI52) -> 0 | Z17: ='Баллы без населения'!AS52+SUM('Баллы без населения'!BI52:BO52)+SUM('Баллы без населения'!CQ52:DK52)+SUM('Баллы без населения'!MD52:MG52,'Баллы без населения'!NJ52:NV52,) -> 0 | AA17: =SUM('Баллы без населения'!AR52:DK52) -> 0 | AB17: =SUM('Баллы без населения'!AT52:AY52) -> 0 | AC17: ='Баллы без населения'!AR52+SUM('Баллы без населения'!AZ52:BH52)+SUM('Баллы без населения'!BP52:CP52) -> 0 | AD17: ='Баллы без населения'!AS52+SUM('Баллы без населения'!BI52:BO52)+SUM('Баллы без населения'!CQ52:DK52) -> 0 | AE17: =SUM('Баллы без населения'!AZ52:BO52) -> 0 | AF17: =SUM('Баллы без населения'!AZ52:BH52) -> 0 | AG17: =SUM('Баллы без населения'!BI52:BO52) -> 0 | AH17: =SUM('Баллы без населения'!BP52:DK52) -> 0 | AI17: =SUM('Баллы без населения'!BP52:CP52) -> 0 | AJ17: =SUM('Баллы без населения'!CQ52:DK52) -> 0 | AK17: =SUM('Баллы без населения'!LU52:NV52) -> 0 | AL17: =SUM('Баллы без населения'!LU52:MC52,'Баллы без населения'!MH52:NI52) -> 0 | AM17: =SUM('Баллы без населения'!MD52:MG52,'Баллы без населения'!NJ52:NV52,) -> 0 | AN17: =SUM('Баллы без населения'!LU52:MG52) -> 0 | AO17: =SUM('Баллы без населения'!LU52:MC52) -> 0 | AP17: =SUM('Баллы без населения'!MD52:MG52) -> 0 | AQ17: =SUM('Баллы без населения'!MH52:NV52) -> 0 | AR17: =SUM('Баллы без населения'!MH52:NI52) -> 0 | AS17: =SUM('Баллы без населения'!NJ52:NV52) -> 0 | AT17: =SUM('Баллы без населения'!DR52:FK52,'Баллы без населения'!NW52:OL52) -> 0 | AU17: =SUM('Баллы без населения'!DL52:FK52) -> #REF! | AV17: =SUM('Баллы без населения'!DL52:DQ52) -> #REF! | AW17: =SUM('Баллы без населения'!DR52:DU52)+SUM('Баллы без населения'!DY52:ES52) -> 0 | AX17: =SUM('Баллы без населения'!DV52:DX52)+SUM('Баллы без населения'!ET52:FK52) -> 0 | AY17: =SUM('Баллы без населения'!DR52:DX52) -> 0 | AZ17: =SUM('Баллы без населения'!DR52:DU52) -> 0 | BA17: =SUM('Баллы без населения'!DV52:DX52) -> 0 | BB17: =SUM('Баллы без населения'!DY52:FK52) -> 0 | BC17: =SUM('Баллы без населения'!DY52:ES52) -> 0 | BD17: =SUM('Баллы без населения'!ET52:FK52) -> 0 | BE17: =SUM('Баллы без населения'!NW52:OL52) -> 0 | BF17: =SUMIF('Баллы без населения'!NW50:OL50,"муж",'Баллы без населения'!NW52:OL52) -> 0 | BG17: =SUMIF('Баллы без населения'!NW50:OL50,"жен",'Баллы без населения'!NW52:OL52) -> 0 | BH17: =SUM('Баллы без населения'!NW52:NZ52) -> 0 | BI17: =SUMIF('Баллы без населения'!NW50:NZ50,"муж",'Баллы без населения'!NW52:NZ52) -> 0 | BJ17: =SUMIF('Баллы без населения'!NW50:NZ50,";ty",'Баллы без населения'!NW52:NZ52) -> 0 | BK17: =SUM('Баллы без населения'!OA52:OL52) -> 0 | BL17: =SUMIF('Баллы без населения'!OA50:OL50,"муж",'Баллы без населения'!OA52:OL52) -> 0 | BM17: =SUMIF('Баллы без населения'!OA50:OL50,"муж",'Баллы без населения'!OA52:OL52) -> 0 | BN17: =SUM('Баллы без населения'!FL52:KE52,'Баллы'!OM52:PB52) -> #REF! | BO17: =SUM('Баллы без населения'!FL52:KE52) -> #REF! | BP17: =SUM('Баллы без населения'!FL52:FM52,'Баллы без населения'!FP52:FU52,'Баллы без населения'!GB52:GC52,'Баллы без населения'!GF52:GK52,'Баллы без населения'!GR52:GT52,'Баллы без населения'!GX52:HA52,'Баллы без населения'!HF52:HN52,'Баллы без населения'!HX52,'Баллы без населения'!HZ52:IB52,'Баллы без населения'!IX52,'Баллы без населения'!IF52:IH52,'Баллы без населения'!IL52:IQ52,'Баллы без населения'!IZ52:JE52,'Баллы без населения'!JH52:JY52,) -> #REF! | BQ17: =SUM('Баллы без населения'!FN52:FO52,'Баллы без населения'!FV52:GA52,'Баллы без населения'!GD52:GE52,'Баллы без населения'!GL52:GQ52,'Баллы без населения'!GU52:GW52,'Баллы без населения'!HB52:HE52,'Баллы без населения'!HO52:HW52,'Баллы без населения'!HY52,'Баллы без населения'!IC52:IE52,'Баллы без населения'!II52:IK52,'Баллы без населения'!IR52:IW52,'Баллы без населения'!IY52,'Баллы без населения'!JF52:JG52,'Баллы без населения'!JZ52:KE52) -> #REF! | BR17: =SUM('Баллы без населения'!FL52:FO52,'Баллы без населения'!GB52:GE52,'Баллы без населения'!GX52:HE52,'Баллы без населения'!IF52:IK52,'Баллы без населения'!IZ52:JG52) -> 0 | BS17: =SUM('Баллы без населения'!FL52:FM52,'Баллы без населения'!GB52:GC52,'Баллы без населения'!GX52:HA52,'Баллы без населения'!IZ52:JE52) -> 0 | BT17: =SUM('Баллы без населения'!FN52:FO52,'Баллы без населения'!GD52:GE52,'Баллы без населения'!HB52:HE52,'Баллы без населения'!II52:IK52,'Баллы без населения'!JF52:JG52) -> 0 | BU17: =SUM('Баллы без населения'!FP52:GA52,'Баллы без населения'!GF52:GQ52,'Баллы без населения'!HF52:HW52,'Баллы без населения'!IL52:IW52,'Баллы без населения'!JH52:KE52) -> 0 | BV17: =SUM('Баллы без населения'!FP52:FU52,'Баллы без населения'!GF52:GK52,'Баллы без населения'!HF52:HN52,'Баллы без населения'!IL52:IQ52,'Баллы без населения'!JH52:JY52) -> 0 | BW17: =SUM('Баллы без населения'!FV52:GA52,'Баллы без населения'!GL52:GQ52,'Баллы без населения'!HO52:HW52,'Баллы без населения'!IL52:IW52,'Баллы без населения'!JZ52:KE52) -> 0 | BX17: =SUM('Баллы без населения'!FL52:GA52) -> 0 | BY17: =SUM('Баллы без населения'!FL52:FM52,'Баллы без населения'!FP52:FU52) -> 0 | BZ17: =SUM('Баллы без населения'!FN52:FO52,'Баллы без населения'!FV52:GA52) -> 0 | CA17: =SUM('Баллы без населения'!GB52:GQ52) -> 0 | CB17: =SUM('Баллы без населения'!GB52:GC52,'Баллы без населения'!GF52:GK52) -> 0 | CC17: =SUM('Баллы без населения'!GD52:GE52,'Баллы без населения'!GL52:GQ52) -> 0 | CD17: =SUM('Баллы без населения'!GR52:HY52) -> #REF! | CE17: =SUM('Баллы без населения'!GR52:GT52,'Баллы без населения'!GX52:HA52,'Баллы без населения'!HF52:HN52,'Баллы без населения'!HX52) -> #REF! | CF17: =SUM('Баллы без населения'!GU52:GW52,'Баллы без населения'!HB52:HE52,'Баллы без населения'!HO52:HW52,'Баллы без населения'!HY52) -> #REF! | CG17: =SUM('Баллы без населения'!HZ52:IY52) -> 0 | CH17: =SUM('Баллы без населения'!HZ52:IB52,'Баллы без населения'!IF52:IH52,'Баллы без населения'!IL52:IQ52,'Баллы без населения'!IX52) -> 0 | CI17: =SUM('Баллы без населения'!IC52:IE52,'Баллы без населения'!II52:IK52,'Баллы без населения'!IR52:IW52,'Баллы без населения'!IY52) -> 0 | CJ17: =SUM('Баллы без населения'!IZ52:KE52,) -> 0 | CK17: =SUM('Баллы без населения'!IZ52:JE52,'Баллы без населения'!JH52:JY52) -> 0 | CL17: =SUM('Баллы без населения'!JF52:JG52,'Баллы без населения'!JZ52:KE52) -> 0 | CM17: =SUM('Баллы без населения'!OM52:PB52) -> 0 | CN17: =SUMIF('Баллы без населения'!OM50:PB50,"муж",'Баллы без населения'!OM52:PB52) -> 0 | CO17: =SUMIF('Баллы без населения'!OM50:PB50,"жен",'Баллы без населения'!OM52:PB52) -> 0 | CP17: =SUM('Баллы без населения'!OM52:OP52) -> 0 | CQ17: =SUMIF('Баллы без населения'!OM50:OP50,"муж",'Баллы без населения'!OM52:OP52) -> 0 | CR17: =SUMIF('Баллы без населения'!OM50:OP50,"жен",'Баллы без населения'!OM52:OP52) -> 0 | CS17: =SUM('Баллы без населения'!OQ52:PB52) -> 0 | CT17: =SUMIF('Баллы без населения'!OQ50:PB50,"муж",'Баллы без населения'!OQ52:PB52) -> 0 | CU17: =SUMIF('Баллы без населения'!OQ50:PB50,"жен",'Баллы без населения'!OQ52:PB52) -> 0 | CV17: =SUM('Баллы'!KF52:KU52,'Баллы'!PC52:PX52) -> 0 | CW17: =SUM('Баллы без населения'!KF52:KU52) -> 0 | CX17: =SUM('Баллы без населения'!PC52:PX52) -> 0 | CY17: =SUM('Баллы без населения'!KV52:LL52,'Баллы без населения'!PZ52:QJ52) -> 0 | CZ17: =SUM('Баллы без населения'!KZ52:LB52,'Баллы без населения'!PZ52:QJ52) -> 0 | DA17: =SUM('Баллы без населения'!KX52:KY52,'Баллы без населения'!LB52:LC52,'Баллы без населения'!LF52:LG52,'Баллы без населения'!QE52:QJ52) -> 0 | DB17: =SUM('Баллы без населения'!KX52:KY52,'Баллы без населения'!LB52:LC52,'Баллы без населения'!LF52:LG52,'Баллы без населения'!QE52:QG52) -> 0 | DC17: =SUM('Баллы без населения'!LC52,'Баллы без населения'!LG52,'Баллы без населения'!QH52:QJ52) -> 0 | DD17: =SUM('Баллы без населения'!KV52:LL52) -> 0 | DE17: =SUM('Баллы без населения'!KV52:KY52) -> 0 | DF17: =SUM('Баллы без населения'!KZ52:LG52) -> 0 | DG17: =SUM('Баллы без населения'!KZ52:LB52) -> 0 | DH17: =SUM('Баллы без населения'!LD52:LF52) -> 0 | DI17: =SUM('Баллы без населения'!KX52:KY52,'Баллы без населения'!LB52:LC52,'Баллы без населения'!LF52:LG52) -> 0 | DJ17: =SUM('Баллы без населения'!KX52:KY52) -> 0 | DK17: =SUM('Баллы без населения'!LB52:LC52,'Баллы без населения'!LF52:LG52) -> 0 | DL17: =SUM('Баллы без населения'!LC52,'Баллы без населения'!LG52) -> 0 | DM17: =SUM('Баллы без населения'!LH52:LL52) -> 0 | DN17: =SUM('Баллы без населения'!PY52:QJ52) -> 0 | DO17: =SUM('Баллы без населения'!PZ52,'Баллы без населения'!QB52:QJ52) -> 0 | DP17: =SUM('Баллы без населения'!QE52:QJ52) -> 0 | DQ17: =SUM('Баллы без населения'!QE52:QG52) -> 0 | DR17: =SUM('Баллы без населения'!QH52:QJ52) -> 0 | DS17: =SUM('Баллы без населения'!QK52:QP52) -> #REF! | DT17: =SUM('Баллы без населения'!QL52:QM52,'Баллы без населения'!QP52) -> 0 | DU17: =SUM('Баллы без населения'!QN52) -> 0 | DV17: =SUM('Баллы без населения'!QQ52:QX52) -> 0 | DW17: =SUM('Баллы без населения'!QQ52:QR52) -> 0 | DX17: =SUM('Баллы без населения'!QS52:QX52) -> 0
A18: 15 | B18: ='Тест ответы'!B80 -> Удмуртская республика | C18: 1 | D18: ='Баллы без населения'!D79 -> #REF! | E18: =SUMIF('Баллы без населения'!$E$3:DX$3,"муж",'Баллы без населения'!E79:DX79) -> #REF! | F18: =SUMIF('Баллы без населения'!$E$3:DX$3,"жен",'Баллы без населения'!E79:DX79) -> #REF! | G18: =SUM('Баллы без населения'!Z79:DK79,'Баллы без населения'!DP79:KE79,'Баллы без населения'!KV79:LL79) -> #REF! | H18: =SUM('Баллы без населения'!LM79:PB79,'Баллы без населения'!PY79:QJ79) -> 0 | I18: =SUM('Баллы без населения'!AZ79:BO79,'Баллы без населения'!DR79:DX79,'Баллы без населения'!FL79:FO79,'Баллы без населения'!GB79:GE79,'Баллы без населения'!GX79:HE79,'Баллы без населения'!IF79:IK79,'Баллы без населения'!IZ79:JG79,'Баллы без населения'!LU79:MG79,'Баллы без населения'!NW79:NZ79,'Баллы без населения'!OM79:OP79) -> 0 | J18: =SUM('Баллы без населения'!BP79:DK79,'Баллы без населения'!DY79:FK79,'Баллы без населения'!FP79:GA79,'Баллы без населения'!GF79:GQ79,'Баллы без населения'!HF79:HW79,'Баллы без населения'!IL79:IW79,'Баллы без населения'!JH79:KE79,'Баллы без населения'!MH79:NV79,'Баллы без населения'!OA79:OL79,'Баллы без населения'!OQ79:PB79) -> 0 | K18: =SUM('Баллы без населения'!E79:R79) -> 0.0305 | L18: =SUM('Баллы без населения'!O79:R79) -> 0 | M18: =SUM('Баллы без населения'!S79:Y79) -> 0 | N18: =SUM('Баллы без населения'!T79:Y79) -> 0 | O18: =SUM('Баллы без населения'!Z79:AQ79,'Баллы без населения'!LM79:LT79) -> 0 | P18: =SUMIF('Баллы без населения'!$Z$3:$AQ$3,"муж",'Баллы без населения'!Z79:AQ79)+SUMIF('Баллы без населения'!$LM$3:$LT$3,"муж",'Баллы без населения'!LM79:LT79) -> 0 | Q18: =SUMIF('Баллы без населения'!$Z$3:$AQ$3,"жен",'Баллы без населения'!Z79:AQ79)+SUMIF('Баллы без населения'!$LM$3:$LT$3,"жен",'Баллы без населения'!LM79:LT79) -> 0 | R18: =SUM('Баллы без населения'!Z79:AQ79) -> 0 | S18: =SUM('Баллы без населения'!Z79:AH79) -> 0 | T18: =SUM('Баллы без населения'!AI79:AQ79) -> 0 | U18: =SUM('Баллы без населения'!LM79:LT79) -> 0 | V18: =SUM('Баллы без населения'!LM79:LP79) -> 0 | W18: =SUM('Баллы без населения'!LQ79:LT79) -> 0 | X18: =SUM('Баллы без населения'!AR79:DK79,'Баллы без населения'!LU79:NI79) -> 0 | Y18: ='Баллы без населения'!AR79+SUM('Баллы без населения'!AZ79:BH79)+SUM('Баллы без населения'!BP79:CP79)+SUM('Баллы без населения'!LU79:MC79,'Баллы без населения'!MH79:NI79) -> 0 | Z18: ='Баллы без населения'!AS79+SUM('Баллы без населения'!BI79:BO79)+SUM('Баллы без населения'!CQ79:DK79)+SUM('Баллы без населения'!MD79:MG79,'Баллы без населения'!NJ79:NV79,) -> 0 | AA18: =SUM('Баллы без населения'!AR79:DK79) -> 0 | AB18: =SUM('Баллы без населения'!AT79:AY79) -> 0 | AC18: ='Баллы без населения'!AR79+SUM('Баллы без населения'!AZ79:BH79)+SUM('Баллы без населения'!BP79:CP79) -> 0 | AD18: ='Баллы без населения'!AS79+SUM('Баллы без населения'!BI79:BO79)+SUM('Баллы без населения'!CQ79:DK79) -> 0 | AE18: =SUM('Баллы без населения'!AZ79:BO79) -> 0 | AF18: =SUM('Баллы без населения'!AZ79:BH79) -> 0 | AG18: =SUM('Баллы без населения'!BI79:BO79) -> 0 | AH18: =SUM('Баллы без населения'!BP79:DK79) -> 0 | AI18: =SUM('Баллы без населения'!BP79:CP79) -> 0 | AJ18: =SUM('Баллы без населения'!CQ79:DK79) -> 0 | AK18: =SUM('Баллы без населения'!LU79:NV79) -> 0 | AL18: =SUM('Баллы без населения'!LU79:MC79,'Баллы без населения'!MH79:NI79) -> 0 | AM18: =SUM('Баллы без населения'!MD79:MG79,'Баллы без населения'!NJ79:NV79,) -> 0 | AN18: =SUM('Баллы без населения'!LU79:MG79) -> 0 | AO18: =SUM('Баллы без населения'!LU79:MC79) -> 0 | AP18: =SUM('Баллы без населения'!MD79:MG79) -> 0 | AQ18: =SUM('Баллы без населения'!MH79:NV79) -> 0 | AR18: =SUM('Баллы без населения'!MH79:NI79) -> 0 | AS18: =SUM('Баллы без населения'!NJ79:NV79) -> 0 | AT18: =SUM('Баллы без населения'!DR79:FK79,'Баллы без населения'!NW79:OL79) -> 0 | AU18: =SUM('Баллы без населения'!DL79:FK79) -> #REF! | AV18: =SUM('Баллы без населения'!DL79:DQ79) -> #REF! | AW18: =SUM('Баллы без населения'!DR79:DU79)+SUM('Баллы без населения'!DY79:ES79) -> 0 | AX18: =SUM('Баллы без населения'!DV79:DX79)+SUM('Баллы без населения'!ET79:FK79) -> 0 | AY18: =SUM('Баллы без населения'!DR79:DX79) -> 0 | AZ18: =SUM('Баллы без населения'!DR79:DU79) -> 0 | BA18: =SUM('Баллы без населения'!DV79:DX79) -> 0 | BB18: =SUM('Баллы без населения'!DY79:FK79) -> 0 | BC18: =SUM('Баллы без населения'!DY79:ES79) -> 0 | BD18: =SUM('Баллы без населения'!ET79:FK79) -> 0 | BE18: =SUM('Баллы без населения'!NW79:OL79) -> 0 | BF18: =SUMIF('Баллы без населения'!NW77:OL77,"муж",'Баллы без населения'!NW79:OL79) -> 0 | BG18: =SUMIF('Баллы без населения'!NW77:OL77,"жен",'Баллы без населения'!NW79:OL79) -> 0 | BH18: =SUM('Баллы без населения'!NW79:NZ79) -> 0 | BI18: =SUMIF('Баллы без населения'!NW77:NZ77,"муж",'Баллы без населения'!NW79:NZ79) -> 0 | BJ18: =SUMIF('Баллы без населения'!NW77:NZ77,";ty",'Баллы без населения'!NW79:NZ79) -> 0 | BK18: =SUM('Баллы без населения'!OA79:OL79) -> 0 | BL18: =SUMIF('Баллы без населения'!OA77:OL77,"муж",'Баллы без населения'!OA79:OL79) -> 0 | BM18: =SUMIF('Баллы без населения'!OA77:OL77,"муж",'Баллы без населения'!OA79:OL79) -> 0 | BN18: =SUM('Баллы без населения'!FL79:KE79,'Баллы'!OM79:PB79) -> #REF! | BO18: =SUM('Баллы без населения'!FL79:KE79) -> #REF! | BP18: =SUM('Баллы без населения'!FL79:FM79,'Баллы без населения'!FP79:FU79,'Баллы без населения'!GB79:GC79,'Баллы без населения'!GF79:GK79,'Баллы без населения'!GR79:GT79,'Баллы без населения'!GX79:HA79,'Баллы без населения'!HF79:HN79,'Баллы без населения'!HX79,'Баллы без населения'!HZ79:IB79,'Баллы без населения'!IX79,'Баллы без населения'!IF79:IH79,'Баллы без населения'!IL79:IQ79,'Баллы без населения'!IZ79:JE79,'Баллы без населения'!JH79:JY79,) -> #REF! | BQ18: =SUM('Баллы без населения'!FN79:FO79,'Баллы без населения'!FV79:GA79,'Баллы без населения'!GD79:GE79,'Баллы без населения'!GL79:GQ79,'Баллы без населения'!GU79:GW79,'Баллы без населения'!HB79:HE79,'Баллы без населения'!HO79:HW79,'Баллы без населения'!HY79,'Баллы без населения'!IC79:IE79,'Баллы без населения'!II79:IK79,'Баллы без населения'!IR79:IW79,'Баллы без населения'!IY79,'Баллы без населения'!JF79:JG79,'Баллы без населения'!JZ79:KE79) -> #REF! | BR18: =SUM('Баллы без населения'!FL79:FO79,'Баллы без населения'!GB79:GE79,'Баллы без населения'!GX79:HE79,'Баллы без населения'!IF79:IK79,'Баллы без населения'!IZ79:JG79) -> 0 | BS18: =SUM('Баллы без населения'!FL79:FM79,'Баллы без населения'!GB79:GC79,'Баллы без населения'!GX79:HA79,'Баллы без населения'!IZ79:JE79) -> 0 | BT18: =SUM('Баллы без населения'!FN79:FO79,'Баллы без населения'!GD79:GE79,'Баллы без населения'!HB79:HE79,'Баллы без населения'!II79:IK79,'Баллы без населения'!JF79:JG79) -> 0 | BU18: =SUM('Баллы без населения'!FP79:GA79,'Баллы без населения'!GF79:GQ79,'Баллы без населения'!HF79:HW79,'Баллы без населения'!IL79:IW79,'Баллы без населения'!JH79:KE79) -> 0 | BV18: =SUM('Баллы без населения'!FP79:FU79,'Баллы без населения'!GF79:GK79,'Баллы без населения'!HF79:HN79,'Баллы без населения'!IL79:IQ79,'Баллы без населения'!JH79:JY79) -> 0 | BW18: =SUM('Баллы без населения'!FV79:GA79,'Баллы без населения'!GL79:GQ79,'Баллы без населения'!HO79:HW79,'Баллы без населения'!IL79:IW79,'Баллы без населения'!JZ79:KE79) -> 0 | BX18: =SUM('Баллы без населения'!FL79:GA79) -> 0 | BY18: =SUM('Баллы без населения'!FL79:FM79,'Баллы без населения'!FP79:FU79) -> 0 | BZ18: =SUM('Баллы без населения'!FN79:FO79,'Баллы без населения'!FV79:GA79) -> 0 | CA18: =SUM('Баллы без населения'!GB79:GQ79) -> 0 | CB18: =SUM('Баллы без населения'!GB79:GC79,'Баллы без населения'!GF79:GK79) -> 0 | CC18: =SUM('Баллы без населения'!GD79:GE79,'Баллы без населения'!GL79:GQ79) -> 0 | CD18: =SUM('Баллы без населения'!GR79:HY79) -> #REF! | CE18: =SUM('Баллы без населения'!GR79:GT79,'Баллы без населения'!GX79:HA79,'Баллы без населения'!HF79:HN79,'Баллы без населения'!HX79) -> #REF! | CF18: =SUM('Баллы без населения'!GU79:GW79,'Баллы без населения'!HB79:HE79,'Баллы без населения'!HO79:HW79,'Баллы без населения'!HY79) -> #REF! | CG18: =SUM('Баллы без населения'!HZ79:IY79) -> 0 | CH18: =SUM('Баллы без населения'!HZ79:IB79,'Баллы без населения'!IF79:IH79,'Баллы без населения'!IL79:IQ79,'Баллы без населения'!IX79) -> 0 | CI18: =SUM('Баллы без населения'!IC79:IE79,'Баллы без населения'!II79:IK79,'Баллы без населения'!IR79:IW79,'Баллы без населения'!IY79) -> 0 | CJ18: =SUM('Баллы без населения'!IZ79:KE79,) -> 0 | CK18: =SUM('Баллы без населения'!IZ79:JE79,'Баллы без населения'!JH79:JY79) -> 0 | CL18: =SUM('Баллы без населения'!JF79:JG79,'Баллы без населения'!JZ79:KE79) -> 0 | CM18: =SUM('Баллы без населения'!OM79:PB79) -> 0 | CN18: =SUMIF('Баллы без населения'!OM77:PB77,"муж",'Баллы без населения'!OM79:PB79) -> 0 | CO18: =SUMIF('Баллы без населения'!OM77:PB77,"жен",'Баллы без населения'!OM79:PB79) -> 0 | CP18: =SUM('Баллы без населения'!OM79:OP79) -> 0 | CQ18: =SUMIF('Баллы без населения'!OM77:OP77,"муж",'Баллы без населения'!OM79:OP79) -> 0 | CR18: =SUMIF('Баллы без населения'!OM77:OP77,"жен",'Баллы без населения'!OM79:OP79) -> 0 | CS18: =SUM('Баллы без населения'!OQ79:PB79) -> 0 | CT18: =SUMIF('Баллы без населения'!OQ77:PB77,"муж",'Баллы без населения'!OQ79:PB79) -> 0 | CU18: =SUMIF('Баллы без населения'!OQ77:PB77,"жен",'Баллы без населения'!OQ79:PB79) -> 0 | CV18: =SUM('Баллы'!KF79:KU79,'Баллы'!PC79:PX79) -> 0 | CW18: =SUM('Баллы без населения'!KF79:KU79) -> 0 | CX18: =SUM('Баллы без населения'!PC79:PX79) -> 0 | CY18: =SUM('Баллы без населения'!KV79:LL79,'Баллы без населения'!PZ79:QJ79) -> 0 | CZ18: =SUM('Баллы без населения'!KZ79:LB79,'Баллы без населения'!PZ79:QJ79) -> 0 | DA18: =SUM('Баллы без населения'!KX79:KY79,'Баллы без населения'!LB79:LC79,'Баллы без населения'!LF79:LG79,'Баллы без населения'!QE79:QJ79) -> 0 | DB18: =SUM('Баллы без населения'!KX79:KY79,'Баллы без населения'!LB79:LC79,'Баллы без населения'!LF79:LG79,'Баллы без населения'!QE79:QG79) -> 0 | DC18: =SUM('Баллы без населения'!LC79,'Баллы без населения'!LG79,'Баллы без населения'!QH79:QJ79) -> 0 | DD18: =SUM('Баллы без населения'!KV79:LL79) -> 0 | DE18: =SUM('Баллы без населения'!KV79:KY79) -> 0 | DF18: =SUM('Баллы без населения'!KZ79:LG79) -> 0 | DG18: =SUM('Баллы без населения'!KZ79:LB79) -> 0 | DH18: =SUM('Баллы без населения'!LD79:LF79) -> 0 | DI18: =SUM('Баллы без населения'!KX79:KY79,'Баллы без населения'!LB79:LC79,'Баллы без населения'!LF79:LG79) -> 0 | DJ18: =SUM('Баллы без населения'!KX79:KY79) -> 0 | DK18: =SUM('Баллы без населения'!LB79:LC79,'Баллы без населения'!LF79:LG79) -> 0 | DL18: =SUM('Баллы без населения'!LC79,'Баллы без населения'!LG79) -> 0 | DM18: =SUM('Баллы без населения'!LH79:LL79) -> 0 | DN18: =SUM('Баллы без населения'!PY79:QJ79) -> 0 | DO18: =SUM('Баллы без населения'!PZ79,'Баллы без населения'!QB79:QJ79) -> 0 | DP18: =SUM('Баллы без населения'!QE79:QJ79) -> 0 | DQ18: =SUM('Баллы без населения'!QE79:QG79) -> 0 | DR18: =SUM('Баллы без населения'!QH79:QJ79) -> 0 | DS18: =SUM('Баллы без населения'!QK79:QP79) -> #REF! | DT18: =SUM('Баллы без населения'!QL79:QM79,'Баллы без населения'!QP79) -> 0 | DU18: =SUM('Баллы без населения'!QN79) -> 0 | DV18: =SUM('Баллы без населения'!QQ79:QX79) -> 0 | DW18: =SUM('Баллы без населения'!QQ79:QR79) -> 0 | DX18: =SUM('Баллы без населения'!QS79:QX79) -> 0
A19: 16 | B19: ='Тест ответы'!B55 -> Оренбургская область | C19: 1 | D19: ='Баллы без населения'!D54 -> #REF! | E19: =SUMIF('Баллы без населения'!$E$3:DX$3,"муж",'Баллы без населения'!E54:DX54) -> #REF! | F19: =SUMIF('Баллы без населения'!$E$3:DX$3,"жен",'Баллы без населения'!E54:DX54) -> #REF! | G19: =SUM('Баллы без населения'!Z54:DK54,'Баллы без населения'!DP54:KE54,'Баллы без населения'!KV54:LL54) -> #REF! | H19: =SUM('Баллы без населения'!LM54:PB54,'Баллы без населения'!PY54:QJ54) -> 0 | I19: =SUM('Баллы без населения'!AZ54:BO54,'Баллы без населения'!DR54:DX54,'Баллы без населения'!FL54:FO54,'Баллы без населения'!GB54:GE54,'Баллы без населения'!GX54:HE54,'Баллы без населения'!IF54:IK54,'Баллы без населения'!IZ54:JG54,'Баллы без населения'!LU54:MG54,'Баллы без населения'!NW54:NZ54,'Баллы без населения'!OM54:OP54) -> 0 | J19: =SUM('Баллы без населения'!BP54:DK54,'Баллы без населения'!DY54:FK54,'Баллы без населения'!FP54:GA54,'Баллы без населения'!GF54:GQ54,'Баллы без населения'!HF54:HW54,'Баллы без населения'!IL54:IW54,'Баллы без населения'!JH54:KE54,'Баллы без населения'!MH54:NV54,'Баллы без населения'!OA54:OL54,'Баллы без населения'!OQ54:PB54) -> 0 | K19: =SUM('Баллы без населения'!E54:R54) -> 0.2035 | L19: =SUM('Баллы без населения'!O54:R54) -> 0.14 | M19: =SUM('Баллы без населения'!S54:Y54) -> 0.1 | N19: =SUM('Баллы без населения'!T54:Y54) -> 0 | O19: =SUM('Баллы без населения'!Z54:AQ54,'Баллы без населения'!LM54:LT54) -> 0 | P19: =SUMIF('Баллы без населения'!$Z$3:$AQ$3,"муж",'Баллы без населения'!Z54:AQ54)+SUMIF('Баллы без населения'!$LM$3:$LT$3,"муж",'Баллы без населения'!LM54:LT54) -> 0 | Q19: =SUMIF('Баллы без населения'!$Z$3:$AQ$3,"жен",'Баллы без населения'!Z54:AQ54)+SUMIF('Баллы без населения'!$LM$3:$LT$3,"жен",'Баллы без населения'!LM54:LT54) -> 0 | R19: =SUM('Баллы без населения'!Z54:AQ54) -> 0 | S19: =SUM('Баллы без населения'!Z54:AH54) -> 0 | T19: =SUM('Баллы без населения'!AI54:AQ54) -> 0 | U19: =SUM('Баллы без населения'!LM54:LT54) -> 0 | V19: =SUM('Баллы без населения'!LM54:LP54) -> 0 | W19: =SUM('Баллы без населения'!LQ54:LT54) -> 0 | X19: =SUM('Баллы без населения'!AR54:DK54,'Баллы без населения'!LU54:NI54) -> 0 | Y19: ='Баллы без населения'!AR54+SUM('Баллы без населения'!AZ54:BH54)+SUM('Баллы без населения'!BP54:CP54)+SUM('Баллы без населения'!LU54:MC54,'Баллы без населения'!MH54:NI54) -> 0 | Z19: ='Баллы без населения'!AS54+SUM('Баллы без населения'!BI54:BO54)+SUM('Баллы без населения'!CQ54:DK54)+SUM('Баллы без населения'!MD54:MG54,'Баллы без населения'!NJ54:NV54,) -> 0 | AA19: =SUM('Баллы без населения'!AR54:DK54) -> 0 | AB19: =SUM('Баллы без населения'!AT54:AY54) -> 0 | AC19: ='Баллы без населения'!AR54+SUM('Баллы без населения'!AZ54:BH54)+SUM('Баллы без населения'!BP54:CP54) -> 0 | AD19: ='Баллы без населения'!AS54+SUM('Баллы без населения'!BI54:BO54)+SUM('Баллы без населения'!CQ54:DK54) -> 0 | AE19: =SUM('Баллы без населения'!AZ54:BO54) -> 0 | AF19: =SUM('Баллы без населения'!AZ54:BH54) -> 0 | AG19: =SUM('Баллы без населения'!BI54:BO54) -> 0 | AH19: =SUM('Баллы без населения'!BP54:DK54) -> 0 | AI19: =SUM('Баллы без населения'!BP54:CP54) -> 0 | AJ19: =SUM('Баллы без населения'!CQ54:DK54) -> 0 | AK19: =SUM('Баллы без населения'!LU54:NV54) -> 0 | AL19: =SUM('Баллы без населения'!LU54:MC54,'Баллы без населения'!MH54:NI54) -> 0 | AM19: =SUM('Баллы без населения'!MD54:MG54,'Баллы без населения'!NJ54:NV54,) -> 0 | AN19: =SUM('Баллы без населения'!LU54:MG54) -> 0 | AO19: =SUM('Баллы без населения'!LU54:MC54) -> 0 | AP19: =SUM('Баллы без населения'!MD54:MG54) -> 0 | AQ19: =SUM('Баллы без населения'!MH54:NV54) -> 0 | AR19: =SUM('Баллы без населения'!MH54:NI54) -> 0 | AS19: =SUM('Баллы без населения'!NJ54:NV54) -> 0 | AT19: =SUM('Баллы без населения'!DR54:FK54,'Баллы без населения'!NW54:OL54) -> 0 | AU19: =SUM('Баллы без населения'!DL54:FK54) -> #REF! | AV19: =SUM('Баллы без населения'!DL54:DQ54) -> #REF! | AW19: =SUM('Баллы без населения'!DR54:DU54)+SUM('Баллы без населения'!DY54:ES54) -> 0 | AX19: =SUM('Баллы без населения'!DV54:DX54)+SUM('Баллы без населения'!ET54:FK54) -> 0 | AY19: =SUM('Баллы без населения'!DR54:DX54) -> 0 | AZ19: =SUM('Баллы без населения'!DR54:DU54) -> 0 | BA19: =SUM('Баллы без населения'!DV54:DX54) -> 0 | BB19: =SUM('Баллы без населения'!DY54:FK54) -> 0 | BC19: =SUM('Баллы без населения'!DY54:ES54) -> 0 | BD19: =SUM('Баллы без населения'!ET54:FK54) -> 0 | BE19: =SUM('Баллы без населения'!NW54:OL54) -> 0 | BF19: =SUMIF('Баллы без населения'!NW52:OL52,"муж",'Баллы без населения'!NW54:OL54) -> 0 | BG19: =SUMIF('Баллы без населения'!NW52:OL52,"жен",'Баллы без населения'!NW54:OL54) -> 0 | BH19: =SUM('Баллы без населения'!NW54:NZ54) -> 0 | BI19: =SUMIF('Баллы без населения'!NW52:NZ52,"муж",'Баллы без населения'!NW54:NZ54) -> 0 | BJ19: =SUMIF('Баллы без населения'!NW52:NZ52,";ty",'Баллы без населения'!NW54:NZ54) -> 0 | BK19: =SUM('Баллы без населения'!OA54:OL54) -> 0 | BL19: =SUMIF('Баллы без населения'!OA52:OL52,"муж",'Баллы без населения'!OA54:OL54) -> 0 | BM19: =SUMIF('Баллы без населения'!OA52:OL52,"муж",'Баллы без населения'!OA54:OL54) -> 0 | BN19: =SUM('Баллы без населения'!FL54:KE54,'Баллы'!OM54:PB54) -> #REF! | BO19: =SUM('Баллы без населения'!FL54:KE54) -> #REF! | BP19: =SUM('Баллы без населения'!FL54:FM54,'Баллы без населения'!FP54:FU54,'Баллы без населения'!GB54:GC54,'Баллы без населения'!GF54:GK54,'Баллы без населения'!GR54:GT54,'Баллы без населения'!GX54:HA54,'Баллы без населения'!HF54:HN54,'Баллы без населения'!HX54,'Баллы без населения'!HZ54:IB54,'Баллы без населения'!IX54,'Баллы без населения'!IF54:IH54,'Баллы без населения'!IL54:IQ54,'Баллы без населения'!IZ54:JE54,'Баллы без населения'!JH54:JY54,) -> #REF! | BQ19: =SUM('Баллы без населения'!FN54:FO54,'Баллы без населения'!FV54:GA54,'Баллы без населения'!GD54:GE54,'Баллы без населения'!GL54:GQ54,'Баллы без населения'!GU54:GW54,'Баллы без населения'!HB54:HE54,'Баллы без населения'!HO54:HW54,'Баллы без населения'!HY54,'Баллы без населения'!IC54:IE54,'Баллы без населения'!II54:IK54,'Баллы без населения'!IR54:IW54,'Баллы без населения'!IY54,'Баллы без населения'!JF54:JG54,'Баллы без населения'!JZ54:KE54) -> #REF! | BR19: =SUM('Баллы без населения'!FL54:FO54,'Баллы без населения'!GB54:GE54,'Баллы без населения'!GX54:HE54,'Баллы без населения'!IF54:IK54,'Баллы без населения'!IZ54:JG54) -> 0 | BS19: =SUM('Баллы без населения'!FL54:FM54,'Баллы без населения'!GB54:GC54,'Баллы без населения'!GX54:HA54,'Баллы без населения'!IZ54:JE54) -> 0 | BT19: =SUM('Баллы без населения'!FN54:FO54,'Баллы без населения'!GD54:GE54,'Баллы без населения'!HB54:HE54,'Баллы без населения'!II54:IK54,'Баллы без населения'!JF54:JG54) -> 0 | BU19: =SUM('Баллы без населения'!FP54:GA54,'Баллы без населения'!GF54:GQ54,'Баллы без населения'!HF54:HW54,'Баллы без населения'!IL54:IW54,'Баллы без населения'!JH54:KE54) -> 0 | BV19: =SUM('Баллы без населения'!FP54:FU54,'Баллы без населения'!GF54:GK54,'Баллы без населения'!HF54:HN54,'Баллы без населения'!IL54:IQ54,'Баллы без населения'!JH54:JY54) -> 0 | BW19: =SUM('Баллы без населения'!FV54:GA54,'Баллы без населения'!GL54:GQ54,'Баллы без населения'!HO54:HW54,'Баллы без населения'!IL54:IW54,'Баллы без населения'!JZ54:KE54) -> 0 | BX19: =SUM('Баллы без населения'!FL54:GA54) -> 0 | BY19: =SUM('Баллы без населения'!FL54:FM54,'Баллы без населения'!FP54:FU54) -> 0 | BZ19: =SUM('Баллы без населения'!FN54:FO54,'Баллы без населения'!FV54:GA54) -> 0 | CA19: =SUM('Баллы без населения'!GB54:GQ54) -> 0 | CB19: =SUM('Баллы без населения'!GB54:GC54,'Баллы без населения'!GF54:GK54) -> 0 | CC19: =SUM('Баллы без населения'!GD54:GE54,'Баллы без населения'!GL54:GQ54) -> 0 | CD19: =SUM('Баллы без населения'!GR54:HY54) -> #REF! | CE19: =SUM('Баллы без населения'!GR54:GT54,'Баллы без населения'!GX54:HA54,'Баллы без населения'!HF54:HN54,'Баллы без населения'!HX54) -> #REF! | CF19: =SUM('Баллы без населения'!GU54:GW54,'Баллы без населения'!HB54:HE54,'Баллы без населения'!HO54:HW54,'Баллы без населения'!HY54) -> #REF! | CG19: =SUM('Баллы без населения'!HZ54:IY54) -> 0 | CH19: =SUM('Баллы без населения'!HZ54:IB54,'Баллы без населения'!IF54:IH54,'Баллы без населения'!IL54:IQ54,'Баллы без населения'!IX54) -> 0 | CI19: =SUM('Баллы без населения'!IC54:IE54,'Баллы без населения'!II54:IK54,'Баллы без населения'!IR54:IW54,'Баллы без населения'!IY54) -> 0 | CJ19: =SUM('Баллы без населения'!IZ54:KE54,) -> 0 | CK19: =SUM('Баллы без населения'!IZ54:JE54,'Баллы без населения'!JH54:JY54) -> 0 | CL19: =SUM('Баллы без населения'!JF54:JG54,'Баллы без населения'!JZ54:KE54) -> 0 | CM19: =SUM('Баллы без населения'!OM54:PB54) -> 0 | CN19: =SUMIF('Баллы без населения'!OM52:PB52,"муж",'Баллы без населения'!OM54:PB54) -> 0 | CO19: =SUMIF('Баллы без населения'!OM52:PB52,"жен",'Баллы без населения'!OM54:PB54) -> 0 | CP19: =SUM('Баллы без населения'!OM54:OP54) -> 0 | CQ19: =SUMIF('Баллы без населения'!OM52:OP52,"муж",'Баллы без населения'!OM54:OP54) -> 0 | CR19: =SUMIF('Баллы без населения'!OM52:OP52,"жен",'Баллы без населения'!OM54:OP54) -> 0 | CS19: =SUM('Баллы без населения'!OQ54:PB54) -> 0 | CT19: =SUMIF('Баллы без населения'!OQ52:PB52,"муж",'Баллы без населения'!OQ54:PB54) -> 0 | CU19: =SUMIF('Баллы без населения'!OQ52:PB52,"жен",'Баллы без населения'!OQ54:PB54) -> 0 | CV19: =SUM('Баллы'!KF54:KU54,'Баллы'!PC54:PX54) -> 0 | CW19: =SUM('Баллы без населения'!KF54:KU54) -> 0 | CX19: =SUM('Баллы без населения'!PC54:PX54) -> 0 | CY19: =SUM('Баллы без населения'!KV54:LL54,'Баллы без населения'!PZ54:QJ54) -> 0 | CZ19: =SUM('Баллы без населения'!KZ54:LB54,'Баллы без населения'!PZ54:QJ54) -> 0 | DA19: =SUM('Баллы без населения'!KX54:KY54,'Баллы без населения'!LB54:LC54,'Баллы без населения'!LF54:LG54,'Баллы без населения'!QE54:QJ54) -> 0 | DB19: =SUM('Баллы без населения'!KX54:KY54,'Баллы без населения'!LB54:LC54,'Баллы без населения'!LF54:LG54,'Баллы без населения'!QE54:QG54) -> 0 | DC19: =SUM('Баллы без населения'!LC54,'Баллы без населения'!LG54,'Баллы без населения'!QH54:QJ54) -> 0 | DD19: =SUM('Баллы без населения'!KV54:LL54) -> 0 | DE19: =SUM('Баллы без населения'!KV54:KY54) -> 0 | DF19: =SUM('Баллы без населения'!KZ54:LG54) -> 0 | DG19: =SUM('Баллы без населения'!KZ54:LB54) -> 0 | DH19: =SUM('Баллы без населения'!LD54:LF54) -> 0 | DI19: =SUM('Баллы без населения'!KX54:KY54,'Баллы без населения'!LB54:LC54,'Баллы без населения'!LF54:LG54) -> 0 | DJ19: =SUM('Баллы без населения'!KX54:KY54) -> 0 | DK19: =SUM('Баллы без населения'!LB54:LC54,'Баллы без населения'!LF54:LG54) -> 0 | DL19: =SUM('Баллы без населения'!LC54,'Баллы без населения'!LG54) -> 0 | DM19: =SUM('Баллы без населения'!LH54:LL54) -> 0 | DN19: =SUM('Баллы без населения'!PY54:QJ54) -> 0 | DO19: =SUM('Баллы без населения'!PZ54,'Баллы без населения'!QB54:QJ54) -> 0 | DP19: =SUM('Баллы без населения'!QE54:QJ54) -> 0 | DQ19: =SUM('Баллы без населения'!QE54:QG54) -> 0 | DR19: =SUM('Баллы без населения'!QH54:QJ54) -> 0 | DS19: =SUM('Баллы без населения'!QK54:QP54) -> #REF! | DT19: =SUM('Баллы без населения'!QL54:QM54,'Баллы без населения'!QP54) -> 0 | DU19: =SUM('Баллы без населения'!QN54) -> 0 | DV19: =SUM('Баллы без населения'!QQ54:QX54) -> 0 | DW19: =SUM('Баллы без населения'!QQ54:QR54) -> 0 | DX19: =SUM('Баллы без населения'!QS54:QX54) -> 0
A20: 17 | B20: ='Тест ответы'!B8 -> Алтайский край | C20: 1 | D20: ='Баллы без населения'!D7 -> #REF! | E20: =SUMIF('Баллы без населения'!$E$3:DX$3,"муж",'Баллы без населения'!E7:DX7) -> #REF! | F20: =SUMIF('Баллы без населения'!$E$3:DX$3,"жен",'Баллы без населения'!E7:DX7) -> #REF! | G20: =SUM('Баллы без населения'!Z7:DK7,'Баллы без населения'!DP7:KE7,'Баллы без населения'!KV7:LL7) -> #REF! | H20: =SUM('Баллы без населения'!LM7:PB7,'Баллы без населения'!PY7:QJ7) -> 0 | I20: =SUM('Баллы без населения'!AZ7:BO7,'Баллы без населения'!DR7:DX7,'Баллы без населения'!FL7:FO7,'Баллы без населения'!GB7:GE7,'Баллы без населения'!GX7:HE7,'Баллы без населения'!IF7:IK7,'Баллы без населения'!IZ7:JG7,'Баллы без населения'!LU7:MG7,'Баллы без населения'!NW7:NZ7,'Баллы без населения'!OM7:OP7) -> 0 | J20: =SUM('Баллы без населения'!BP7:DK7,'Баллы без населения'!DY7:FK7,'Баллы без населения'!FP7:GA7,'Баллы без населения'!GF7:GQ7,'Баллы без населения'!HF7:HW7,'Баллы без населения'!IL7:IW7,'Баллы без населения'!JH7:KE7,'Баллы без населения'!MH7:NV7,'Баллы без населения'!OA7:OL7,'Баллы без населения'!OQ7:PB7) -> 0 | K20: =SUM('Баллы без населения'!E7:R7) -> 0.1005 | L20: =SUM('Баллы без населения'!O7:R7) -> 0.05 | M20: =SUM('Баллы без населения'!S7:Y7) -> 0.1 | N20: =SUM('Баллы без населения'!T7:Y7) -> 0 | O20: =SUM('Баллы без населения'!Z7:AQ7,'Баллы без населения'!LM7:LT7) -> 0 | P20: =SUMIF('Баллы без населения'!$Z$3:$AQ$3,"муж",'Баллы без населения'!Z7:AQ7)+SUMIF('Баллы без населения'!$LM$3:$LT$3,"муж",'Баллы без населения'!LM7:LT7) -> 0 | Q20: =SUMIF('Баллы без населения'!$Z$3:$AQ$3,"жен",'Баллы без населения'!Z7:AQ7)+SUMIF('Баллы без населения'!$LM$3:$LT$3,"жен",'Баллы без населения'!LM7:LT7) -> 0 | R20: =SUM('Баллы без населения'!Z7:AQ7) -> 0 | S20: =SUM('Баллы без населения'!Z7:AH7) -> 0 | T20: =SUM('Баллы без населения'!AI7:AQ7) -> 0 | U20: =SUM('Баллы без населения'!LM7:LT7) -> 0 | V20: =SUM('Баллы без населения'!LM7:LP7) -> 0 | W20: =SUM('Баллы без населения'!LQ7:LT7) -> 0 | X20: =SUM('Баллы без населения'!AR7:DK7,'Баллы без населения'!LU7:NI7) -> 0 | Y20: ='Баллы без населения'!AR7+SUM('Баллы без населения'!AZ7:BH7)+SUM('Баллы без населения'!BP7:CP7)+SUM('Баллы без населения'!LU7:MC7,'Баллы без населения'!MH7:NI7) -> 0 | Z20: ='Баллы без населения'!AS7+SUM('Баллы без населения'!BI7:BO7)+SUM('Баллы без населения'!CQ7:DK7)+SUM('Баллы без населения'!MD7:MG7,'Баллы без населения'!NJ7:NV7,) -> 0 | AA20: =SUM('Баллы без населения'!AR7:DK7) -> 0 | AB20: =SUM('Баллы без населения'!AT7:AY7) -> 0 | AC20: ='Баллы без населения'!AR7+SUM('Баллы без населения'!AZ7:BH7)+SUM('Баллы без населения'!BP7:CP7) -> 0 | AD20: ='Баллы без населения'!AS7+SUM('Баллы без населения'!BI7:BO7)+SUM('Баллы без населения'!CQ7:DK7) -> 0 | AE20: =SUM('Баллы без населения'!AZ7:BO7) -> 0 | AF20: =SUM('Баллы без населения'!AZ7:BH7) -> 0 | AG20: =SUM('Баллы без населения'!BI7:BO7) -> 0 | AH20: =SUM('Баллы без населения'!BP7:DK7) -> 0 | AI20: =SUM('Баллы без населения'!BP7:CP7) -> 0 | AJ20: =SUM('Баллы без населения'!CQ7:DK7) -> 0 | AK20: =SUM('Баллы без населения'!LU7:NV7) -> 0 | AL20: =SUM('Баллы без населения'!LU7:MC7,'Баллы без населения'!MH7:NI7) -> 0 | AM20: =SUM('Баллы без населения'!MD7:MG7,'Баллы без населения'!NJ7:NV7,) -> 0 | AN20: =SUM('Баллы без населения'!LU7:MG7) -> 0 | AO20: =SUM('Баллы без населения'!LU7:MC7) -> 0 | AP20: =SUM('Баллы без населения'!MD7:MG7) -> 0 | AQ20: =SUM('Баллы без населения'!MH7:NV7) -> 0 | AR20: =SUM('Баллы без населения'!MH7:NI7) -> 0 | AS20: =SUM('Баллы без населения'!NJ7:NV7) -> 0 | AT20: =SUM('Баллы без населения'!DR7:FK7,'Баллы без населения'!NW7:OL7) -> 0 | AU20: =SUM('Баллы без населения'!DL7:FK7) -> #REF! | AV20: =SUM('Баллы без населения'!DL7:DQ7) -> #REF! | AW20: =SUM('Баллы без населения'!DR7:DU7)+SUM('Баллы без населения'!DY7:ES7) -> 0 | AX20: =SUM('Баллы без населения'!DV7:DX7)+SUM('Баллы без населения'!ET7:FK7) -> 0 | AY20: =SUM('Баллы без населения'!DR7:DX7) -> 0 | AZ20: =SUM('Баллы без населения'!DR7:DU7) -> 0 | BA20: =SUM('Баллы без населения'!DV7:DX7) -> 0 | BB20: =SUM('Баллы без населения'!DY7:FK7) -> 0 | BC20: =SUM('Баллы без населения'!DY7:ES7) -> 0 | BD20: =SUM('Баллы без населения'!ET7:FK7) -> 0 | BE20: =SUM('Баллы без населения'!NW7:OL7) -> 0 | BF20: =SUMIF('Баллы без населения'!NW5:OL5,"муж",'Баллы без населения'!NW7:OL7) -> 0 | BG20: =SUMIF('Баллы без населения'!NW5:OL5,"жен",'Баллы без населения'!NW7:OL7) -> 0 | BH20: =SUM('Баллы без населения'!NW7:NZ7) -> 0 | BI20: =SUMIF('Баллы без населения'!NW5:NZ5,"муж",'Баллы без населения'!NW7:NZ7) -> 0 | BJ20: =SUMIF('Баллы без населения'!NW5:NZ5,";ty",'Баллы без населения'!NW7:NZ7) -> 0 | BK20: =SUM('Баллы без населения'!OA7:OL7) -> 0 | BL20: =SUMIF('Баллы без населения'!OA5:OL5,"муж",'Баллы без населения'!OA7:OL7) -> 0 | BM20: =SUMIF('Баллы без населения'!OA5:OL5,"муж",'Баллы без населения'!OA7:OL7) -> 0 | BN20: =SUM('Баллы без населения'!FL7:KE7,'Баллы'!OM7:PB7) -> #REF! | BO20: =SUM('Баллы без населения'!FL7:KE7) -> #REF! | BP20: =SUM('Баллы без населения'!FL7:FM7,'Баллы без населения'!FP7:FU7,'Баллы без населения'!GB7:GC7,'Баллы без населения'!GF7:GK7,'Баллы без населения'!GR7:GT7,'Баллы без населения'!GX7:HA7,'Баллы без населения'!HF7:HN7,'Баллы без населения'!HX7,'Баллы без населения'!HZ7:IB7,'Баллы без населения'!IX7,'Баллы без населения'!IF7:IH7,'Баллы без населения'!IL7:IQ7,'Баллы без населения'!IZ7:JE7,'Баллы без населения'!JH7:JY7,) -> #REF! | BQ20: =SUM('Баллы без населения'!FN7:FO7,'Баллы без населения'!FV7:GA7,'Баллы без населения'!GD7:GE7,'Баллы без населения'!GL7:GQ7,'Баллы без населения'!GU7:GW7,'Баллы без населения'!HB7:HE7,'Баллы без населения'!HO7:HW7,'Баллы без населения'!HY7,'Баллы без населения'!IC7:IE7,'Баллы без населения'!II7:IK7,'Баллы без населения'!IR7:IW7,'Баллы без населения'!IY7,'Баллы без населения'!JF7:JG7,'Баллы без населения'!JZ7:KE7) -> #REF! | BR20: =SUM('Баллы без населения'!FL7:FO7,'Баллы без населения'!GB7:GE7,'Баллы без населения'!GX7:HE7,'Баллы без населения'!IF7:IK7,'Баллы без населения'!IZ7:JG7) -> 0 | BS20: =SUM('Баллы без населения'!FL7:FM7,'Баллы без населения'!GB7:GC7,'Баллы без населения'!GX7:HA7,'Баллы без населения'!IZ7:JE7) -> 0 | BT20: =SUM('Баллы без населения'!FN7:FO7,'Баллы без населения'!GD7:GE7,'Баллы без населения'!HB7:HE7,'Баллы без населения'!II7:IK7,'Баллы без населения'!JF7:JG7) -> 0 | BU20: =SUM('Баллы без населения'!FP7:GA7,'Баллы без населения'!GF7:GQ7,'Баллы без населения'!HF7:HW7,'Баллы без населения'!IL7:IW7,'Баллы без населения'!JH7:KE7) -> 0 | BV20: =SUM('Баллы без населения'!FP7:FU7,'Баллы без населения'!GF7:GK7,'Баллы без населения'!HF7:HN7,'Баллы без населения'!IL7:IQ7,'Баллы без населения'!JH7:JY7) -> 0 | BW20: =SUM('Баллы без населения'!FV7:GA7,'Баллы без населения'!GL7:GQ7,'Баллы без населения'!HO7:HW7,'Баллы без населения'!IL7:IW7,'Баллы без населения'!JZ7:KE7) -> 0 | BX20: =SUM('Баллы без населения'!FL7:GA7) -> 0 | BY20: =SUM('Баллы без населения'!FL7:FM7,'Баллы без населения'!FP7:FU7) -> 0 | BZ20: =SUM('Баллы без населения'!FN7:FO7,'Баллы без населения'!FV7:GA7) -> 0 | CA20: =SUM('Баллы без населения'!GB7:GQ7) -> 0 | CB20: =SUM('Баллы без населения'!GB7:GC7,'Баллы без населения'!GF7:GK7) -> 0 | CC20: =SUM('Баллы без населения'!GD7:GE7,'Баллы без населения'!GL7:GQ7) -> 0 | CD20: =SUM('Баллы без населения'!GR7:HY7) -> #REF! | CE20: =SUM('Баллы без населения'!GR7:GT7,'Баллы без населения'!GX7:HA7,'Баллы без населения'!HF7:HN7,'Баллы без населения'!HX7) -> #REF! | CF20: =SUM('Баллы без населения'!GU7:GW7,'Баллы без населения'!HB7:HE7,'Баллы без населения'!HO7:HW7,'Баллы без населения'!HY7) -> #REF! | CG20: =SUM('Баллы без населения'!HZ7:IY7) -> 0 | CH20: =SUM('Баллы без населения'!HZ7:IB7,'Баллы без населения'!IF7:IH7,'Баллы без населения'!IL7:IQ7,'Баллы без населения'!IX7) -> 0 | CI20: =SUM('Баллы без населения'!IC7:IE7,'Баллы без населения'!II7:IK7,'Баллы без населения'!IR7:IW7,'Баллы без населения'!IY7) -> 0 | CJ20: =SUM('Баллы без населения'!IZ7:KE7,) -> 0 | CK20: =SUM('Баллы без населения'!IZ7:JE7,'Баллы без населения'!JH7:JY7) -> 0 | CL20: =SUM('Баллы без населения'!JF7:JG7,'Баллы без населения'!JZ7:KE7) -> 0 | CM20: =SUM('Баллы без населения'!OM7:PB7) -> 0 | CN20: =SUMIF('Баллы без населения'!OM5:PB5,"муж",'Баллы без населения'!OM7:PB7) -> 0 | CO20: =SUMIF('Баллы без населения'!OM5:PB5,"жен",'Баллы без населения'!OM7:PB7) -> 0 | CP20: =SUM('Баллы без населения'!OM7:OP7) -> 0 | CQ20: =SUMIF('Баллы без населения'!OM5:OP5,"муж",'Баллы без населения'!OM7:OP7) -> 0 | CR20: =SUMIF('Баллы без населения'!OM5:OP5,"жен",'Баллы без населения'!OM7:OP7) -> 0 | CS20: =SUM('Баллы без населения'!OQ7:PB7) -> 0 | CT20: =SUMIF('Баллы без населения'!OQ5:PB5,"муж",'Баллы без населения'!OQ7:PB7) -> 0 | CU20: =SUMIF('Баллы без населения'!OQ5:PB5,"жен",'Баллы без населения'!OQ7:PB7) -> 0 | CV20: =SUM('Баллы'!KF7:KU7,'Баллы'!PC7:PX7) -> 0 | CW20: =SUM('Баллы без населения'!KF7:KU7) -> 0 | CX20: =SUM('Баллы без населения'!PC7:PX7) -> 0 | CY20: =SUM('Баллы без населения'!KV7:LL7,'Баллы без населения'!PZ7:QJ7) -> 0 | CZ20: =SUM('Баллы без населения'!KZ7:LB7,'Баллы без населения'!PZ7:QJ7) -> 0 | DA20: =SUM('Баллы без населения'!KX7:KY7,'Баллы без населения'!LB7:LC7,'Баллы без населения'!LF7:LG7,'Баллы без населения'!QE7:QJ7) -> 0 | DB20: =SUM('Баллы без населения'!KX7:KY7,'Баллы без населения'!LB7:LC7,'Баллы без населения'!LF7:LG7,'Баллы без населения'!QE7:QG7) -> 0 | DC20: =SUM('Баллы без населения'!LC7,'Баллы без населения'!LG7,'Баллы без населения'!QH7:QJ7) -> 0 | DD20: =SUM('Баллы без населения'!KV7:LL7) -> 0 | DE20: =SUM('Баллы без населения'!KV7:KY7) -> 0 | DF20: =SUM('Баллы без населения'!KZ7:LG7) -> 0 | DG20: =SUM('Баллы без населения'!KZ7:LB7) -> 0 | DH20: =SUM('Баллы без населения'!LD7:LF7) -> 0 | DI20: =SUM('Баллы без населения'!KX7:KY7,'Баллы без населения'!LB7:LC7,'Баллы без населения'!LF7:LG7) -> 0 | DJ20: =SUM('Баллы без населения'!KX7:KY7) -> 0 | DK20: =SUM('Баллы без населения'!LB7:LC7,'Баллы без населения'!LF7:LG7) -> 0 | DL20: =SUM('Баллы без населения'!LC7,'Баллы без населения'!LG7) -> 0 | DM20: =SUM('Баллы без населения'!LH7:LL7) -> 0 | DN20: =SUM('Баллы без населения'!PY7:QJ7) -> 0 | DO20: =SUM('Баллы без населения'!PZ7,'Баллы без населения'!QB7:QJ7) -> 0 | DP20: =SUM('Баллы без населения'!QE7:QJ7) -> 0 | DQ20: =SUM('Баллы без населения'!QE7:QG7) -> 0 | DR20: =SUM('Баллы без населения'!QH7:QJ7) -> 0 | DS20: =SUM('Баллы без населения'!QK7:QP7) -> #REF! | DT20: =SUM('Баллы без населения'!QL7:QM7,'Баллы без населения'!QP7) -> 0 | DU20: =SUM('Баллы без населения'!QN7) -> 0 | DV20: =SUM('Баллы без населения'!QQ7:QX7) -> 0 | DW20: =SUM('Баллы без населения'!QQ7:QR7) -> 0 | DX20: =SUM('Баллы без населения'!QS7:QX7) -> 0
